scenario,t,incident,mean_violation,mean_eps,polarization_ideology,polarization_affective,mean_A,mean_B,std_all
privacy_first,0,1.0,0.0,0.49496452632930943,0.7038244070580578,0.008447302714515525,-0.17701587670485994,0.25693800365215497,0.26987052670104295
privacy_first,1,0.0,0.0,0.5023151027415399,0.5107806130178393,0.015826141926484454,-0.07594309234894002,0.23168451733670575,0.20315300333219352
privacy_first,2,0.0,0.0,0.4905552299102141,0.3360612676988556,0.02230883733884034,0.016984825322993117,0.20799012773698544,0.14505596528486325
privacy_first,3,0.0,0.0,0.4773432998156674,0.21852755127197904,0.02791613044566513,0.0917549950244295,0.20344524112275472,0.10683730517365383
privacy_first,4,0.0,0.0,0.46523354319887644,0.15375546183196143,0.0334098108883063,0.14641172804885574,0.2128975225027566,0.08726966737806058
privacy_first,5,0.0,0.0,0.45280565872528034,0.11955233264736964,0.038858595120989506,0.1879144881289954,0.22865052092586005,0.07881629985050498
privacy_first,6,0.0,0.0,0.4401003597790556,0.10352620521489046,0.04413467098348017,0.22144399660030237,0.24921646079972842,0.07575374101546441
privacy_first,7,0.0,0.0,0.42826236216928876,0.095375072457413,0.04941342747005879,0.2481697319120973,0.26871981696648883,0.07482498740302146
privacy_first,8,0.0,0.0,0.4159619017291463,0.08929521960645415,0.05484938867386881,0.27086210292561225,0.2861823685077181,0.07397495402434828
privacy_first,9,0.0,0.0,0.4052124905772738,0.08672766947833187,0.06014592771511668,0.28962322758361836,0.3027182871177034,0.07363260994424685
privacy_first,10,0.0,0.0,0.3954549106420651,0.08482306752177442,0.06517691990600806,0.30291936796610847,0.3152281701418624,0.0725142653460205
privacy_first,11,0.0,0.0,0.3862894519094544,0.08400181544244871,0.07022216858937501,0.31538957370421294,0.3276436316341845,0.07174775751247718
privacy_first,12,0.0,0.0,0.3803950872033251,0.08365733048562382,0.07532840183140255,0.324885324530795,0.3373612712803549,0.07118138373606389
privacy_first,13,1.0,0.0,0.43268808819583493,0.08315978088750467,0.08071549157568818,0.3501363445564081,0.36250907264889615,0.0707870527950166
privacy_first,14,0.0,0.0,0.4399986824401205,0.08219480146407862,0.08580998870605969,0.37783204902946604,0.3900529555260971,0.06997389496744758
privacy_first,15,0.0,0.0,0.4275711062453132,0.08117638690576191,0.09098052884523897,0.40114927952047896,0.4133015869616635,0.06902407946457735
privacy_first,16,0.0,0.0,0.41524649985805073,0.08018204040181502,0.09608515849818905,0.4210846192506039,0.4336497279606458,0.06761693169177312
privacy_first,17,0.0,0.0,0.4036299493467062,0.07817728841425407,0.10142739505765266,0.43796829834402395,0.4489766218898546,0.06716896486842343
privacy_first,18,0.0,0.0,0.3909133861027264,0.07501420769902403,0.10660442045770802,0.4512896125614585,0.4603899222122636,0.06591389804821893
privacy_first,19,0.0,0.0,0.37995012692967445,0.07477288139922039,0.11164940189500083,0.46031782171559327,0.4694943378351565,0.06559636527965718
privacy_first,20,0.0,0.0,0.3754018713194867,0.07376362556000758,0.11703226854076383,0.46974248613244796,0.4780280226985509,0.06547808899390466
privacy_first,21,1.0,0.0,0.42733615395232,0.07600039945111856,0.12211463662909906,0.49335176715389584,0.5039182233445986,0.06543394326041582
privacy_first,22,0.0,0.0,0.43447661315519337,0.07170653784577254,0.12746124989479804,0.520170877986614,0.5277107801847443,0.06416663564764226
privacy_first,23,0.0,0.0,0.42299542375094845,0.06926148931315065,0.13262689776027348,0.5425177024320285,0.5494965985767744,0.062282593168404767
privacy_first,24,0.0,0.0,0.41006116188870084,0.06580046943233159,0.1380442849695967,0.5612976772538346,0.5678117695848489,0.059286377101317296
privacy_first,25,0.0,0.0,0.3977434628881427,0.06459861642097768,0.14332604157180173,0.5767367148838952,0.5835284335097414,0.057806897795131526
privacy_first,26,1.0,0.0,0.45041675691411437,0.06600643969294573,0.14877481977551282,0.6063004109054909,0.6137297449966571,0.058577105601779526
privacy_first,27,0.0,0.0,0.458107279465241,0.06727528111250988,0.15400155416799377,0.6374885496762979,0.6467264972382503,0.058037333550557485
privacy_first,28,0.0,0.0,0.4459064011650498,0.06568958562341368,0.15934150276399314,0.6664486947096954,0.6751817405563594,0.05695653977674966
privacy_first,29,0.0,0.0,0.43366056118424834,0.06442765546003593,0.164572635369153,0.6910933944372598,0.6995043359349163,0.05601671396237939
privacy_first,30,0.0,0.0,0.420961995560994,0.0628075321203106,0.17005361594202598,0.7131118042472996,0.720925353806074,0.054993982561536155
privacy_first,31,1.0,0.0,0.47271185684623496,0.0632636370207359,0.17554899098699356,0.7484827907141985,0.7567590676201298,0.054987360114804644
privacy_first,32,0.0,0.0,0.480735275494745,0.06370427081512436,0.18115614475199773,0.785726255427247,0.7946598123527004,0.05477071388967086
privacy_first,33,0.0,0.0,0.46874051877354006,0.06247010421334787,0.18654220135475286,0.8206833725257452,0.829541035894856,0.053612440844237115
privacy_first,34,0.0,0.0,0.4555600656008185,0.06075021530861119,0.1920007541463714,0.8523257220810212,0.8603286697419832,0.0527472676476492
privacy_first,35,1.0,0.0,0.5080743083774538,0.05693493924460857,0.19761123010301243,0.8973105406117512,0.9037947309335153,0.05045074892284451
privacy_first,36,0.0,0.0,0.5154955574898997,0.05447299667539236,0.2031284693696147,0.9424213131613446,0.948384766853527,0.04850954298320993
privacy_first,37,0.0,0.0,0.503078273702404,0.046471830565275374,0.20888490801838314,0.9792949805166462,0.983973658402926,0.04179315267899553
privacy_first,38,1.0,0.0,0.5520346973014955,0.038037605997813854,0.21441546310006288,0.9952753552478044,0.9980776993673625,0.03523526187825581
privacy_first,39,0.0,0.0,0.5594196860546686,0.03433417167364784,0.21971653461924576,0.9970166513132532,0.9996643068614945,0.03168651612540653
privacy_first,40,0.0,0.0,0.5471024924416471,0.03054164558029528,0.22496024638647572,0.9973917840880684,0.9999331254472968,0.028000304221066825
privacy_first,41,0.0,0.0,0.5350916558841994,0.027518148132378677,0.23039644723474376,0.997695393971551,0.9998632377575828,0.025350304346346934
privacy_first,42,1.0,0.0,0.5568293353494593,0.019693346034952427,0.2359113272077581,0.9984384875771077,0.999876357841399,0.018255475770661108
privacy_first,43,0.0,0.0,0.5646249399319635,0.0056629480150447034,0.24100373935403976,0.999590298156135,0.9998807723202252,0.005372473850954477
privacy_first,44,0.0,0.0,0.553105616891558,0.0010885985226902802,0.24631560325877813,0.9999170046908378,0.9999525710464272,0.0010530321671008466
privacy_first,45,0.0,0.0,0.5397294802918738,0.0018179793210580549,0.25174441395943165,0.9998931154686237,0.9997913229327507,0.0017161867851851083
privacy_first,46,0.0,0.0,0.5271419966519564,0.0011647457680901373,0.25708041301966267,0.9999477253563774,0.9998525786123466,0.0010695990240592544
privacy_first,47,0.0,0.0,0.51455097028319,0.000783342137735342,0.2624014478911098,0.9999465563062772,0.9999239431851731,0.0007607290166312662
privacy_first,48,0.0,0.0,0.5024875718262329,0.0012693895546365122,0.26785104144029026,0.9998607698799877,0.999882669769671,0.0012474896649532488
privacy_first,49,0.0,0.0,0.48973073284464097,0.0017969675654488561,0.27331123019046805,0.9998137501371152,0.9997818839917022,0.0017651014200359052
privacy_first,50,0.0,0.0,0.47695140343073333,0.0013182139823198506,0.2785780508886739,0.999834167815305,0.9998324123301441,0.001316458497158947
privacy_first,51,1.0,0.0,0.5300757267920481,0.0007220379827777567,0.2839309762607764,0.9999295129185596,0.999926378525146,0.0007189035893641614
privacy_first,52,0.0,0.0,0.5372146895950315,0.0011134225012992152,0.2890359852318694,0.9999564916386516,0.9998404749597649,0.000997405822412494
privacy_first,53,1.0,0.0,0.5570709682030559,0.0008176009532836015,0.29435298468692433,0.9999559706118605,0.9999167325970538,0.0007783629384769486
privacy_first,54,0.0,0.0,0.564048033607864,0.0010992117457246208,0.2992990303918027,0.9999880535933533,0.9998916073352729,0.0010027654876442582
privacy_first,55,0.0,0.0,0.5518943219797817,0.0014692491625901342,0.3040752048302762,0.9999458808730711,0.9998249684921617,0.001348336781680746
privacy_first,56,0.0,0.0,0.5397560835230404,0.0014281415062458768,0.30893467133155444,0.9998233847851979,0.9999634967047182,0.0012880295867256407
privacy_first,57,0.0,0.0,0.5269044563192201,0.000940290429304665,0.31349757046538496,0.9999543854117517,0.9999262490539089,0.0009121540714618422
privacy_first,58,0.0,0.0,0.5150276585926656,0.00098474814736183,0.318200676286234,0.9999362479298008,0.999874349110261,0.0009228493278219448
privacy_first,59,0.0,0.0,0.5024616112586922,0.0013594299921181675,0.3224556398464573,0.9998402113073197,0.999862051058872,0.0013375902405658236
privacy_first,60,1.0,0.0,0.5546952889535499,0.0010103974270161712,0.3266321041106653,0.9999405452998379,0.9999029732380849,0.0009728253652631383
privacy_first,61,0.0,0.0,0.5627163319160546,0.0010579697816182133,0.3306748862614073,0.9999247400013286,0.9999070036883638,0.0010402334686534576
privacy_first,62,0.0,0.0,0.5502831303402246,0.0016321488358377026,0.3346058131650878,0.999866915509738,0.9998853186866474,0.0016137456589283264
privacy_first,63,0.0,0.0,0.5378219898976105,0.0010047955239771624,0.33864277409140436,0.9998761184940343,0.9999191435228845,0.0009617704951270436
privacy_first,64,1.0,0.0,0.5567400960462772,0.0010997411110528095,0.34249860560248874,0.9998806772013301,0.9999391707824639,0.0010412475299190645
privacy_first,65,0.0,0.0,0.5643971109814688,0.0009014880761877698,0.34639076242212075,0.9999749573940349,0.99990392079059,0.0008304514727428959
privacy_first,66,0.0,0.0,0.5512975537313791,0.0011794666137391577,0.3500565707552662,0.9999217714318289,0.9998938626704346,0.0011515578523448003
privacy_first,67,1.0,0.0,0.5564672453856225,0.00046349780368933193,0.3532281190276111,0.9999775771039572,0.999967277997476,0.0004531986972081278
privacy_first,68,0.0,0.0,0.5646645427861885,0.0013638638485937579,0.3565445306677701,0.9999798064628977,0.9997875875526343,0.001171644938330316
privacy_first,69,0.0,0.0,0.551750987857889,0.0014240924314797875,0.3594393481303832,0.9999266064506753,0.9998720701113847,0.0013695560921891425
privacy_first,70,0.0,0.0,0.5401510679884435,0.0008837823674752713,0.36251627517367285,0.9999408053499245,0.9998736293489434,0.0008166063664942206
privacy_first,71,0.0,0.0,0.5268321923009162,0.0013902834103663938,0.3653147962653146,0.9998722105287061,0.9998336219932702,0.00135169487493047
privacy_first,72,0.0,0.0,0.5148015520717372,0.0013431762699542722,0.36796442023259224,0.9999097115719012,0.9998578985023412,0.0012913632003942362
privacy_first,73,0.0,0.0,0.5022059565730528,0.001449307652404673,0.37083993737494125,0.9998093403248417,0.9998582303531197,0.0014004176241266583
privacy_first,74,0.0,0.0,0.4892180020770892,0.0016942871313801752,0.37354440302782055,0.9997935052432141,0.9998321955304891,0.0016555968441051858
privacy_first,75,0.0,0.0,0.47767000844230184,0.0020033367825482104,0.3760078361035149,0.9998071574181305,0.9996847680338605,0.0018809473982782051
privacy_first,76,0.0,0.0,0.46532104223019194,0.0014632510076265789,0.37844669653068874,0.9998580857091944,0.9997821697035814,0.0013873350020135041
privacy_first,77,0.0,0.0,0.4527752764949504,0.001798957956012883,0.3806396279014445,0.9997269809350674,0.9996915871375531,0.0017635641584986114
privacy_first,78,0.0,0.0,0.440695122535294,0.002300024424288295,0.38268566778543717,0.9995553390231171,0.9996021656517611,0.002253197795644325
privacy_first,79,0.0,0.0,0.42744492283838337,0.0028407750003789584,0.3846231413172364,0.999340955533309,0.9993715533949069,0.0028101771387810887
privacy_first,80,0.0,0.0,0.415660323182815,0.0032680928968127935,0.3863177304217401,0.9992425278838464,0.9991296334759192,0.003155198488885627
privacy_first,81,1.0,0.0,0.46741215326935764,0.002011936632219626,0.38814597890954594,0.9996803548874179,0.9997545824846569,0.001937709034980663
privacy_first,82,0.0,0.0,0.4753735274935217,0.0016214135285891004,0.38980187363719604,0.9998098226399158,0.9997536521402937,0.0015652430289669569
privacy_first,83,0.0,0.0,0.4626059129859727,0.002181425009908872,0.39143483806171064,0.999746080853279,0.9996587530015694,0.0020940971581992545
privacy_first,84,0.0,0.0,0.4511976257344198,0.0020874324054183874,0.3932041024879257,0.9997464418434376,0.9995971306684913,0.0019381212304720667
privacy_first,85,0.0,0.0,0.43822557603862894,0.0034215574156639386,0.3945278306380677,0.9995603303141873,0.9991116740199741,0.0029729011214507375
privacy_first,86,1.0,0.0,0.49073892287838916,0.0017849200984354405,0.3960010944486483,0.9999075077915203,0.9997075952190773,0.0015850075259924343
privacy_first,87,0.0,0.0,0.4986695599395902,0.0015463640317755656,0.3972819770596024,0.9997848399508932,0.9998672140314859,0.0014639899511828148
privacy_first,88,0.0,0.0,0.48572894366672875,0.0013770121737810832,0.39867951599991874,0.9997842814996841,0.9998840987965272,0.001277194876938031
privacy_first,89,0.0,0.0,0.47318229045156096,0.0012455876225970816,0.3999030528680126,0.9998244151857201,0.9998724849867624,0.001197517821554754
privacy_first,90,1.0,0.0,0.5257939344325692,0.0007634314403122504,0.4010974507288295,0.9999905119237571,0.9999127120218508,0.000685631538405989
privacy_first,91,0.0,0.0,0.5331526276597983,0.0018548137293162598,0.40231694376103844,0.9998371176661366,0.9998540630252617,0.0018378683701911508
privacy_first,92,0.0,0.0,0.5212750914384844,0.0013409560195835036,0.4033526395128507,0.9999498106820744,0.9998405189146939,0.0012316642522029997
privacy_first,93,0.0,0.0,0.5086946639476374,0.0009492456885633975,0.4043466818575266,0.999884879868927,0.9999179690745942,0.0009161564828962614
privacy_first,94,0.0,0.0,0.4963092065481019,0.001477213104670012,0.405194165963311,0.9999697497318166,0.9997716752002369,0.0012791385730902948
privacy_first,95,0.0,0.0,0.4839533403859349,0.0010689015899463508,0.4060253001635956,0.9998990023687949,0.9998895802229173,0.0010594794440687263
privacy_first,96,0.0,0.0,0.4712981600747689,0.0017074089149442307,0.4068723920598673,0.9997640879021676,0.9998245764204712,0.0016469203966406943
privacy_first,97,0.0,0.0,0.4591304258048962,0.0017217245426028175,0.40750826163902615,0.9997218922074134,0.9997595082497395,0.0016841085002767123
privacy_first,98,0.0,0.0,0.44716184867434317,0.002528812656647751,0.4082633049598517,0.9995038233638093,0.9995886947388948,0.0024439412815622464
privacy_first,99,0.0,0.0,0.4338040741843017,0.0024640131746644215,0.40885476070974464,0.9995702671844068,0.999450044694714,0.002343790684971632
privacy_first,100,0.0,0.0,0.42174861069860514,0.003550858112176795,0.40953204734752197,0.9993159927788695,0.9989963709040383,0.0032312362373455397
privacy_first,101,0.0,0.0,0.4091591643120299,0.0037860685366946276,0.4101614753546243,0.9989320702272432,0.9987914856432779,0.0036454839527293634
privacy_first,102,0.0,0.0,0.3964401281370883,0.004919116108432665,0.41078126282684085,0.9982450908754674,0.9983317064899322,0.004832500493967896
privacy_first,103,0.0,0.0,0.38366954690942434,0.0066486875770778615,0.4114442497566457,0.9971576297065121,0.9967181021391712,0.00620916000973697
privacy_first,104,0.0,0.0,0.37213433952613667,0.007557315813445147,0.4119359993440153,0.9952383475366867,0.9956156593476159,0.007180004002515999
privacy_first,105,0.0,0.0,0.37044725258527417,0.008402851256029745,0.41247254275775913,0.9943710971345517,0.9945085093905922,0.008265438999989275
privacy_first,106,0.0,0.0,0.36984437634000156,0.010108453112914905,0.41295739356900046,0.9933351380267278,0.9949312357776186,0.008512355362024148
privacy_first,107,0.0,0.0,0.3702161896800079,0.009359568095406024,0.413417994845125,0.99352649071745,0.9944400168207959,0.008446041992060194
privacy_first,108,0.0,0.0,0.3697084038558171,0.008920042322841893,0.41388032551262,0.9937437688567563,0.993948711171708,0.008715100007890176
privacy_first,109,0.0,0.0,0.37008093853131313,0.008763043196788972,0.4143559031592998,0.9942867906840559,0.9944862843985202,0.008563549482324712
privacy_first,110,1.0,0.0,0.42280474306221005,0.004719461616227498,0.414756851984896,0.9988170329660117,0.9984036433211071,0.004306071971322938
privacy_first,111,0.0,0.0,0.42995815435727663,0.003488255476424882,0.41507494130657235,0.9991862705012481,0.9992450473178015,0.0034294786598714636
privacy_first,112,0.0,0.0,0.418086012022325,0.0029406364287443967,0.41541284669677697,0.9991858908237324,0.9993212196716516,0.0028053075808252828
privacy_first,113,0.0,0.0,0.4049097449696132,0.00487932579000284,0.41566339207910996,0.9984510656951153,0.9983060616247,0.0047343217195875515
privacy_first,114,0.0,0.0,0.3932485051610555,0.005506839913524585,0.41606924781379556,0.9981993007586656,0.9976861521778229,0.004993691332681859
privacy_first,115,0.0,0.0,0.3800599674514283,0.006704334784859298,0.4163690164390115,0.9973203457052061,0.996709698608501,0.00609368768815419
privacy_first,116,0.0,0.0,0.37047290650108594,0.008128843536139694,0.41662137779266206,0.9952033724453944,0.9946422300650093,0.007567701155754622
privacy_first,117,1.0,0.0,0.42281563256957116,0.0044568699129363485,0.416835509838603,0.9985622700420438,0.998799297330613,0.004219842624367124
privacy_first,118,0.0,0.0,0.4295407438562438,0.0035463849050434795,0.4170863551576998,0.999208812342256,0.9992016746450143,0.0035392472078017803
privacy_first,119,1.0,0.0,0.48289706031671714,0.0017700308349509685,0.41735089178168894,0.9997958588598757,0.9998853168898287,0.0016805728049978862
privacy_first,120,0.0,0.0,0.4899461369797032,0.0018122493958217984,0.41762149103752905,0.9998613365736635,0.9997320053788222,0.001682918200980534
privacy_first,121,0.0,0.0,0.4774093454227415,0.0015887500824645021,0.4178471779519671,0.9998274640309539,0.9998137513504656,0.0015750374019761707
privacy_first,122,0.0,0.0,0.4646836685626857,0.00211282731583714,0.4180489560535621,0.9996027265257826,0.9997804640211267,0.00193508982049303
privacy_first,123,1.0,0.0,0.5174493178412373,0.0004292313211216113,0.4181966497413635,1.0,0.9999497052440426,0.00037893656516419725
privacy_first,124,0.0,0.0,0.5251873895221186,0.0009352666092560352,0.4183856789295073,0.999957322900614,0.9998928401922351,0.0008707839008771473
privacy_first,125,0.0,0.0,0.513374201117507,0.0009169437937766647,0.4186039329374457,0.9999148515263784,0.9999084003288214,0.000910492596219731
privacy_first,126,0.0,0.0,0.5006052986411154,0.0012574863075153157,0.41877572325622464,0.9999043703313414,0.9998555418398394,0.0012086578160133091
privacy_first,127,0.0,0.0,0.48768798443762706,0.0018207910842632951,0.4189401670463151,0.9998314751107025,0.9997181227105446,0.0017074386841054328
privacy_first,128,0.0,0.0,0.4753325718255089,0.0015592106574988766,0.4190746881122593,0.9998015432971925,0.999824386248761,0.001536367705930363
privacy_first,129,0.0,0.0,0.4633575450651319,0.002041490890776736,0.41920319642180476,0.9996532980144042,0.9997501720323198,0.0019446168728611537
privacy_first,130,0.0,0.0,0.45111516649058647,0.0021318603855426453,0.41944109468339663,0.99966766432991,0.999676455389427,0.002123069326025746
privacy_first,131,0.0,0.0,0.4381225926996721,0.0023416219140770236,0.41957351222741485,0.9994573521137294,0.9995429895883504,0.0022559844394560427
privacy_first,132,0.0,0.0,0.42603311439855196,0.002808395930122408,0.4196948034603508,0.9994238495798237,0.9993341054917283,0.002718651842027041
privacy_first,133,0.0,0.0,0.4132818584950682,0.0028082863082051616,0.4197875240956033,0.9992042576990979,0.9992220993713651,0.0027904446359380123
privacy_first,134,1.0,0.0,0.46572791061245766,0.001885937211527836,0.41993252157996236,0.9996550513432915,0.9998375074065226,0.0017034811482967514
privacy_first,135,0.0,0.0,0.47336911349416566,0.002012527537759082,0.42009459255593723,0.999753821935995,0.9996750575909941,0.0019337631927581007
privacy_first,136,0.0,0.0,0.4608024613166541,0.0017218635064414646,0.4202637035418934,0.9998045080750703,0.9996931878306629,0.0016105432620340556
privacy_first,137,0.0,0.0,0.44882166047448796,0.0018899294934836672,0.42032768853087393,0.9996735433516439,0.99970997187934,0.0018535009657876364
privacy_first,138,0.0,0.0,0.43571851749780294,0.002538631580616263,0.4204224030310197,0.9994451517577745,0.9995239021603785,0.0024598811780122964
privacy_first,139,0.0,0.0,0.4236839912592164,0.0027061855673758723,0.4205423390877157,0.9993492739595324,0.9993408484511765,0.0026977600590199807
safety_first_low_safeguards,0,0.0,0.36665675189568775,0.2706276093162983,0.818713310668332,0.009044407964268579,-0.31192776647315473,0.19030532336014588,0.3164802208350313
safety_first_low_safeguards,1,0.0,0.36665675189568775,0.2503519028625129,0.77405937626451,0.01765598403974989,-0.36612628341822684,0.10346648022585787,0.3044666126204253
safety_first_low_safeguards,2,0.0,0.36665675189568775,0.23206830300646297,0.7341242218114807,0.026141397853442515,-0.4284873071348337,0.010080976470292108,0.295555938206355
safety_first_low_safeguards,3,0.0,0.36665675189568775,0.21415220960927955,0.7017541989278183,0.03438727569705025,-0.4977493414972227,-0.0845781136535749,0.2885829710841705
safety_first_low_safeguards,4,0.0,0.36665675189568775,0.19992954327909615,0.6732558664275438,0.042460704470497934,-0.5734982970947797,-0.18220165117707954,0.28195922050984357
safety_first_low_safeguards,5,0.0,0.36665675189568775,0.18852828557401388,0.6399107066646603,0.05041329264060986,-0.6501177284915461,-0.28276080786994007,0.2725537860430543
safety_first_low_safeguards,6,0.0,0.36665675189568775,0.17981568990678176,0.6076704920920071,0.058119294753978826,-0.726252505492507,-0.38193237137780817,0.26335035797730827
safety_first_low_safeguards,7,0.0,0.36665675189568775,0.1743768899323687,0.569858474061308,0.0656480675506908,-0.799234460867477,-0.48232441116654307,0.25294842436037407
safety_first_low_safeguards,8,0.0,0.36665675189568775,0.17071615561819095,0.5238062310846495,0.07313580372069771,-0.8656322496958859,-0.5813360848030272,0.23951006619179083
safety_first_low_safeguards,9,0.0,0.36665675189568775,0.1696453221069209,0.4659530956327824,0.08010083096375216,-0.919470383727452,-0.6754202189395223,0.22190293084485269
safety_first_low_safeguards,10,0.0,0.36665675189568775,0.16912195034022248,0.3874159236237401,0.08663195924083301,-0.9538533252725787,-0.7630798342974054,0.19664243264856687
safety_first_low_safeguards,11,0.0,0.36665675189568775,0.16812315115827128,0.2995624780242788,0.09243359517241335,-0.9714815910228168,-0.8409314564006973,0.16901234340215932
safety_first_low_safeguards,12,0.0,0.36665675189568775,0.1685771378010816,0.22122583017848801,0.09795868119129958,-0.9828653396519519,-0.9092843530296122,0.14764484355614832
safety_first_low_safeguards,13,0.0,0.36665675189568775,0.16847861750468174,0.16904077805543385,0.10324755250666347,-0.9875196807619014,-0.9523260633489644,0.13384716064249683
safety_first_low_safeguards,14,0.0,0.36665675189568775,0.1682519232400208,0.14762273114796465,0.10832742372535714,-0.9897661446538497,-0.9673040496035611,0.12516063609767603
safety_first_low_safeguards,15,0.0,0.36665675189568775,0.16822487876740524,0.13873137021418241,0.1134700347763437,-0.9909322185658558,-0.9732621466374891,0.12106129828581573
safety_first_low_safeguards,16,0.0,0.36665675189568775,0.168261012585879,0.13418628558794182,0.11847795256289377,-0.9914154536522861,-0.9760464026923971,0.11881723462805276
safety_first_low_safeguards,17,0.0,0.36665675189568775,0.1690536533340071,0.13089175098552025,0.1238341863821634,-0.9919635034497294,-0.9778575353836472,0.11678578291943802
safety_first_low_safeguards,18,0.0,0.36665675189568775,0.16875882835456676,0.12729006325935915,0.12910825414605973,-0.9921745616385871,-0.9801218765061356,0.11523737812690764
safety_first_low_safeguards,19,0.0,0.36665675189568775,0.16902568973328988,0.12412713030560295,0.13410538067325145,-0.9926420516321006,-0.9820048567148397,0.11348993538834205
safety_first_low_safeguards,20,0.0,0.36665675189568775,0.16895566449291172,0.12310285569900507,0.1395218537299516,-0.9930868233534539,-0.9826335412133829,0.11264957355893405
safety_first_low_safeguards,21,0.0,0.36665675189568775,0.16856253680799926,0.12333284234375019,0.14459251121446598,-0.993370264272613,-0.9832374193777532,0.11319999744889042
safety_first_low_safeguards,22,0.0,0.36665675189568775,0.16812831776215173,0.12274899633722759,0.14988225253125972,-0.9936719112175483,-0.9835193552028199,0.11259644032249917
safety_first_low_safeguards,23,0.0,0.36665675189568775,0.1690215237697665,0.12232461870283218,0.155179165714268,-0.9940564573664331,-0.9838710774677455,0.11213923880414456
safety_first_low_safeguards,24,0.0,0.36665675189568775,0.16844396037605616,0.12134727827811348,0.16054039200430661,-0.9942197629549618,-0.9839777311668149,0.1111052464899665
safety_first_low_safeguards,25,0.0,0.36665675189568775,0.16864152700062032,0.12152166692517741,0.16576736314813376,-0.9942478616867243,-0.9838356231531301,0.11110942839158322
safety_first_low_safeguards,26,0.0,0.36665675189568775,0.16888464580027307,0.12119770341209161,0.171073414723032,-0.994015505066905,-0.9838171196737533,0.11099931801893996
safety_first_low_safeguards,27,0.0,0.36665675189568775,0.168979332075671,0.12170401512024906,0.17635454862833755,-0.9940507588427397,-0.9838072500290258,0.11146050630653512
safety_first_low_safeguards,28,0.0,0.36665675189568775,0.16913275074979073,0.1211699818246785,0.18162483928807643,-0.9939670895197774,-0.9838937111272894,0.1110966034321905
safety_first_low_safeguards,29,0.0,0.36665675189568775,0.16934356816903434,0.1207056961103966,0.1868615536216542,-0.9940523226354094,-0.9839576756358592,0.11061104911084639
safety_first_low_safeguards,30,0.0,0.36665675189568775,0.16905834917295856,0.12073189378608491,0.19233349380098533,-0.9939058831530581,-0.9840245847532721,0.110850595386299
safety_first_low_safeguards,31,0.0,0.36665675189568775,0.16852558996225392,0.12138198271463795,0.19769412580683132,-0.9937297683280826,-0.9838650011937544,0.11151721558030979
safety_first_low_safeguards,32,0.0,0.36665675189568775,0.16891100255728853,0.12174881188546378,0.20307979637763346,-0.9941409402273348,-0.9837681858467587,0.11137605750488773
safety_first_low_safeguards,33,0.0,0.36665675189568775,0.16926219615593402,0.1216827740062984,0.20834649065965083,-0.9939121681300102,-0.983700081344841,0.11147068722112924
safety_first_low_safeguards,34,0.0,0.36665675189568775,0.16850281968312023,0.1224642821511318,0.21378871880973477,-0.9939773660352336,-0.9835662824283375,0.11205319854423577
safety_first_low_safeguards,35,0.0,0.36665675189568775,0.16860447269224077,0.12348404201456059,0.21932609283473406,-0.9935300381856569,-0.9835830279973828,0.11353703182628655
safety_first_low_safeguards,36,0.0,0.36665675189568775,0.16847890705477922,0.12505809930924608,0.22497280849639653,-0.9933405987103681,-0.9834698452044918,0.11518734580336978
safety_first_low_safeguards,37,0.0,0.36665675189568775,0.16845564589822884,0.12532241892094517,0.2307481963843516,-0.9932741930457609,-0.9834943392794934,0.11554256515467762
safety_first_low_safeguards,38,0.0,0.36665675189568775,0.16854430108210952,0.1256683180850871,0.23627593612794612,-0.9933246499364384,-0.9834245740138156,0.11576824216246424
safety_first_low_safeguards,39,0.0,0.36665675189568775,0.16826774365590944,0.12505051847233867,0.24170570957999415,-0.9932839245976928,-0.9835053224167206,0.11527191629136653
safety_first_low_safeguards,40,0.0,0.36665675189568775,0.16838777136035515,0.12487253521462514,0.2469396853323191,-0.9933396071144541,-0.9834891116546931,0.11502203975486412
safety_first_low_safeguards,41,0.0,0.36665675189568775,0.1687643575801083,0.12516380859495718,0.2523722435785025,-0.9931974510669663,-0.9832860413542268,0.11525239888221767
safety_first_low_safeguards,42,0.0,0.36665675189568775,0.1686679837353044,0.1260368288132872,0.2579760143494678,-0.993152909741908,-0.9831222672765789,0.11600618634795816
safety_first_low_safeguards,43,0.0,0.36665675189568775,0.16886716733875715,0.12610491685037523,0.26312860073248384,-0.9931109990659173,-0.9833372115527849,0.11633112933724282
safety_first_low_safeguards,44,0.0,0.36665675189568775,0.16973299890315782,0.12645934824499266,0.26841456705562944,-0.9931789366455593,-0.9832849456870975,0.11656535728653078
safety_first_low_safeguards,45,0.0,0.36665675189568775,0.16880998146414072,0.12644153359917393,0.27398259676509,-0.9932384763933028,-0.9831440113514737,0.11634706855734482
safety_first_low_safeguards,46,0.0,0.36665675189568775,0.16869950075580997,0.12647349618945952,0.27940060242227144,-0.9929174974697518,-0.9830839636064781,0.11663996232618584
safety_first_low_safeguards,47,0.0,0.36665675189568775,0.16846076043807423,0.12839541031820229,0.2848114752450533,-0.9930982140209442,-0.982723165403713,0.11802036170097101
safety_first_low_safeguards,48,0.0,0.36665675189568775,0.1688105222526884,0.1297861610668389,0.2903023282823728,-0.993013695873573,-0.9825081884970005,0.11928065369026639
safety_first_low_safeguards,49,0.0,0.36665675189568775,0.1684459275143066,0.13075984053602724,0.2958008188180316,-0.9930783945245331,-0.982334767411487,0.12001621342298112
safety_first_low_safeguards,50,0.0,0.36665675189568775,0.16814382560822005,0.1312286545970144,0.3012139624067409,-0.9931491273328803,-0.9823719706288593,0.12045149789299339
safety_first_low_safeguards,51,0.0,0.36665675189568775,0.16880880278353225,0.13280826791954803,0.3067067961347117,-0.9929938062789516,-0.9821141537481625,0.12192861538875888
safety_first_low_safeguards,52,0.0,0.36665675189568775,0.1684242070334264,0.13357230043442428,0.3119181374985039,-0.9927062537295702,-0.9820572908119858,0.12292333751683984
safety_first_low_safeguards,53,0.0,0.36665675189568775,0.1689923216454128,0.13498666059130648,0.3172904369871118,-0.9926256270690869,-0.9818389752507706,0.12420000877299021
safety_first_low_safeguards,54,0.0,0.36665675189568775,0.16833911819951802,0.1364407374388616,0.3223488609740352,-0.9925601629133152,-0.9815820736427184,0.12546264816826486
safety_first_low_safeguards,55,0.0,0.36665675189568775,0.16861356187029172,0.13645138829804196,0.3271414296164077,-0.9925362890221194,-0.9815724503118225,0.12548754958774502
safety_first_low_safeguards,56,0.0,0.36665675189568775,0.16889157692650775,0.13625088939764698,0.3321088950674538,-0.9925151022236515,-0.9817298423453331,0.12546562951932863
safety_first_low_safeguards,57,0.0,0.36665675189568775,0.16840549063068652,0.13697492867312935,0.336765282400776,-0.9925335115247338,-0.9816697690648505,0.12611118621324605
safety_first_low_safeguards,58,0.0,0.36665675189568775,0.16903964319552964,0.1371454091856532,0.34159054025279423,-0.9923136644493477,-0.9816270067196634,0.12645875145596897
safety_first_low_safeguards,59,0.0,0.36665675189568775,0.16876497729627185,0.13762152487959428,0.3460299279465496,-0.9923898394500231,-0.9815717654976628,0.12680345092723394
safety_first_low_safeguards,60,0.0,0.36665675189568775,0.16865425149124655,0.1376400128152529,0.35041611730432,-0.9923232792994595,-0.9816080009613974,0.12692473447719083
safety_first_low_safeguards,61,0.0,0.36665675189568775,0.16911913477910445,0.13743253072816625,0.35472156080253675,-0.9922175240497066,-0.9816049098693778,0.12681991654783736
safety_first_low_safeguards,62,0.0,0.36665675189568775,0.16905958345888566,0.13727779734175558,0.35889191045675006,-0.9921163466021109,-0.9817197157770609,0.12688116651670553
safety_first_low_safeguards,63,0.0,0.36665675189568775,0.1689938853837936,0.137734779409689,0.36305253885534794,-0.9922735688308442,-0.9816913306674498,0.1271525412462947
safety_first_low_safeguards,64,0.0,0.36665675189568775,0.16863758320624395,0.13764756768746178,0.3671227931076283,-0.992143045155577,-0.9816358187801236,0.12714034131200835
safety_first_low_safeguards,65,0.0,0.36665675189568775,0.16872946529305594,0.13736593308133055,0.3711732893198618,-0.9919308940164591,-0.9816706421043986,0.12710568116927007
safety_first_low_safeguards,66,0.0,0.36665675189568775,0.16797283500184187,0.1371346372864679,0.3751039991489828,-0.9921444899858367,-0.9818092449425049,0.12679939224313608
safety_first_low_safeguards,67,0.0,0.36665675189568775,0.16832200424654933,0.13726047247540876,0.37852969797256136,-0.9922400976112296,-0.9818043871009605,0.12682476196513973
safety_first_low_safeguards,68,0.0,0.36665675189568775,0.16896641341735738,0.1375918586610455,0.38194179517038895,-0.9921618992885761,-0.9816343663132074,0.12706432568567683
safety_first_low_safeguards,69,0.0,0.36665675189568775,0.16850260895789682,0.1374021726388635,0.38498614789536884,-0.9921113077072315,-0.9816363087857797,0.12692717371741163
safety_first_low_safeguards,70,0.0,0.36665675189568775,0.16918830855711325,0.13879646334976958,0.3882332108060648,-0.9918923211534151,-0.9813516032331806,0.1282557454295351
safety_first_low_safeguards,71,0.0,0.36665675189568775,0.16832690213361487,0.1388044959900936,0.39130167411001,-0.9920480023221872,-0.9814250489248902,0.12818154259279668
safety_first_low_safeguards,72,0.0,0.36665675189568775,0.1687620623881321,0.13958044187879934,0.39424318192538926,-0.9921361180716828,-0.981301786527236,0.12874611033435254
safety_first_low_safeguards,73,0.0,0.36665675189568775,0.16854833348268314,0.13925727308582453,0.39733305127788804,-0.9921399524607803,-0.9814034476702538,0.12852076829529796
safety_first_low_safeguards,74,0.0,0.36665675189568775,0.16803640980928505,0.14005237520399205,0.40034329754625003,-0.9919399090382814,-0.9812984158249702,0.12941088199068085
safety_first_low_safeguards,75,0.0,0.36665675189568775,0.1688744849399962,0.14091733034876658,0.4031126184608384,-0.991964789175797,-0.9812049659056227,0.13015750707859225
safety_first_low_safeguards,76,0.0,0.36665675189568775,0.1688151650991231,0.14176387339215546,0.40578281935945343,-0.9918305427334057,-0.9810101620077682,0.13094349266651806
safety_first_low_safeguards,77,0.0,0.36665675189568775,0.1687134101632069,0.14212775901103528,0.40816372341478474,-0.9918686911904667,-0.9810112684018671,0.1312703362224357
safety_first_low_safeguards,78,0.0,0.36665675189568775,0.16907584857807748,0.14204767776694416,0.4103590916065527,-0.9918268032729722,-0.9809738573816735,0.13119473187564545
safety_first_low_safeguards,79,0.0,0.36665675189568775,0.1682660079334145,0.14314501311745476,0.4124574496599324,-0.9917061820136182,-0.9809482290008645,0.13238706010470114
safety_first_low_safeguards,80,0.0,0.36665675189568775,0.16889064503457105,0.14445950516804354,0.4143341631429612,-0.9917374372442778,-0.9807493577392066,0.13347142566297235
safety_first_low_safeguards,81,0.0,0.36665675189568775,0.16823009240909914,0.14538843672362298,0.41633131822987807,-0.991762487180573,-0.9806251055364468,0.13425105507949672
safety_first_low_safeguards,82,0.0,0.36665675189568775,0.16865968257585404,0.14626256064813214,0.41811721140922126,-0.9915812065307342,-0.9804155106310702,0.13509686474846816
safety_first_low_safeguards,83,0.0,0.36665675189568775,0.16814946188153562,0.14752074998544135,0.4198219381670181,-0.9914859833875764,-0.9802600068991423,0.1362947734970072
safety_first_low_safeguards,84,0.0,0.36665675189568775,0.16914149635036121,0.14770409173388976,0.42160829471305394,-0.991512630619901,-0.9801947016485153,0.13638616276250404
safety_first_low_safeguards,85,0.0,0.36665675189568775,0.16869563949072824,0.14769887940976636,0.4229363723886767,-0.9915068240913093,-0.9803335368390921,0.13652559215754914
safety_first_low_safeguards,86,0.0,0.36665675189568775,0.16880928039658732,0.14891411867683071,0.4245465668573596,-0.9914817528848968,-0.9802171724517665,0.13764953824370044
safety_first_low_safeguards,87,0.0,0.36665675189568775,0.16909688971209225,0.15003587202950103,0.42600584303313344,-0.9914716066847447,-0.979928292437875,0.13849255778263142
safety_first_low_safeguards,88,0.0,0.36665675189568775,0.16860203015179226,0.15071798751643278,0.42765197048363573,-0.9912653289276625,-0.9798588447432255,0.13931150333199577
safety_first_low_safeguards,89,0.0,0.36665675189568775,0.16856354987112726,0.1502109059028259,0.42897105766980875,-0.991303257661635,-0.9799578836356416,0.13886553187683257
safety_first_low_safeguards,90,0.0,0.36665675189568775,0.16868831318635374,0.15130166651148236,0.4303186175616777,-0.991364720296412,-0.9798513440938248,0.13978829030889517
safety_first_low_safeguards,91,0.0,0.36665675189568775,0.16853392074053078,0.15166657215179893,0.4318016682415926,-0.9911465013329478,-0.9798818806834444,0.14040195150229554
safety_first_low_safeguards,92,0.0,0.36665675189568775,0.16896837995096284,0.15231225327997838,0.43304129437832123,-0.9909426205556531,-0.9797699287232945,0.1411395614476198
safety_first_low_safeguards,93,0.0,0.36665675189568775,0.16885067184410352,0.15271499082279422,0.43420790809976173,-0.9909788778739471,-0.9796324848687906,0.14136859781763772
safety_first_low_safeguards,94,0.0,0.36665675189568775,0.16883714873800962,0.15289705274560464,0.43531204877338847,-0.9908189114490003,-0.979608082780341,0.14168622407694534
safety_first_low_safeguards,95,0.0,0.36665675189568775,0.16888082277888183,0.15232296917836,0.43646681880364574,-0.9910422381301262,-0.9795940088470578,0.14087473989529167
safety_first_low_safeguards,96,0.0,0.36665675189568775,0.16868898731208345,0.15287018928275425,0.4374591709840456,-0.9912340177044232,-0.9794934774173129,0.1411296489956439
safety_first_low_safeguards,97,0.0,0.36665675189568775,0.1688963638525177,0.15401054894675828,0.43827609367498366,-0.9909888067590474,-0.9794641955109172,0.14248593769862808
safety_first_low_safeguards,98,0.0,0.36665675189568775,0.16931633816387584,0.1536410727849699,0.43912583845136727,-0.9910631732929723,-0.9795647938778516,0.14214269336984914
safety_first_low_safeguards,99,0.0,0.36665675189568775,0.1683800762245957,0.15434919298910094,0.4398393384509551,-0.9910655247590967,-0.9793538220215666,0.14263749025157085
safety_first_low_safeguards,100,0.0,0.36665675189568775,0.1687340842551332,0.154488346681641,0.44073376154354993,-0.9910316014488971,-0.9794544904536211,0.14291123568636496
safety_first_low_safeguards,101,0.0,0.36665675189568775,0.16859493904881817,0.1535797122754065,0.4415355545295403,-0.99101702928511,-0.9794266859570602,0.14198936894735664
safety_first_low_safeguards,102,0.0,0.36665675189568775,0.16823206841450833,0.15321704091622987,0.4422972731042565,-0.9909709626132079,-0.9795782509920857,0.14182432929510766
safety_first_low_safeguards,103,0.0,0.36665675189568775,0.16790012426325104,0.1531598584561073,0.44319528013202875,-0.9910296565029223,-0.9795075923018304,0.14163779425501538
safety_first_low_safeguards,104,0.0,0.36665675189568775,0.16871840583994485,0.1539456187255225,0.443837655610248,-0.9908906395919095,-0.9794390463015904,0.14249402543520343
safety_first_low_safeguards,105,0.0,0.36665675189568775,0.16907063289479343,0.15422666339938013,0.4446366915924881,-0.9909607041720813,-0.9794589637411144,0.14272492296841327
safety_first_low_safeguards,106,0.0,0.36665675189568775,0.16855571043296555,0.15472948424231145,0.44534399950337605,-0.9910623733482001,-0.9794597756552523,0.14312688654936365
safety_first_low_safeguards,107,0.0,0.36665675189568775,0.16888524112903439,0.15441556963705905,0.4459657810033069,-0.9909609836317651,-0.9793811651064093,0.1428357511117032
safety_first_low_safeguards,108,0.0,0.36665675189568775,0.16841219298421373,0.1538441031550095,0.44654176911660964,-0.9909022386057359,-0.9794919077444258,0.14243377229369944
safety_first_low_safeguards,109,0.0,0.36665675189568775,0.16882570723234103,0.15427568262379432,0.44703683631878477,-0.9909164137503099,-0.9794641707374242,0.1428234396109086
safety_first_low_safeguards,110,0.0,0.36665675189568775,0.16914651676645523,0.155678902764026,0.4475482152578138,-0.9911820640774703,-0.9792091600984403,0.14370599878499593
safety_first_low_safeguards,111,0.0,0.36665675189568775,0.16859285129755625,0.15484638967500144,0.4479299349853583,-0.9910800474919025,-0.9792874984844149,0.14305384066751384
safety_first_low_safeguards,112,0.0,0.36665675189568775,0.16924848015309543,0.15570360288748933,0.4484332326316371,-0.9911636280139935,-0.9792154981602078,0.14375547303370365
safety_first_low_safeguards,113,0.0,0.36665675189568775,0.16843931790007266,0.15646706547921588,0.4488356719147723,-0.9910365216366364,-0.9790618055694411,0.14449234941202063
safety_first_low_safeguards,114,0.0,0.36665675189568775,0.16917973494846464,0.1579352000793466,0.44933108566433894,-0.9910218958753777,-0.9787658940406049,0.1456791982445738
safety_first_low_safeguards,115,0.0,0.36665675189568775,0.1684710455637203,0.15845397936782324,0.4496853028095875,-0.9911218563656434,-0.9789340167306124,0.14626613973279223
safety_first_low_safeguards,116,0.0,0.36665675189568775,0.16911465981887286,0.15882326129050875,0.44996870014519247,-0.9908828479580577,-0.9789263904855263,0.14686680381797737
safety_first_low_safeguards,117,0.0,0.36665675189568775,0.16907353774842737,0.15971752304112824,0.4502140598487826,-0.9908123028298568,-0.9786200076720158,0.1475252278832873
safety_first_low_safeguards,118,0.0,0.36665675189568775,0.16828607768777204,0.160630493315031,0.45068456077482894,-0.9907875092523333,-0.9785799951714016,0.1484229792340993
safety_first_low_safeguards,119,0.0,0.36665675189568775,0.16924010381395596,0.16134977003745787,0.4510267019448386,-0.9907258146624767,-0.9784163457298389,0.14904030110482014
safety_first_low_safeguards,120,0.0,0.36665675189568775,0.16872831724554316,0.1620317513637865,0.4513415949924513,-0.990726827806501,-0.9784603364955408,0.14976526005282625
safety_first_low_safeguards,121,0.0,0.36665675189568775,0.1685426724775321,0.1627001962624279,0.45168997956139606,-0.9906494153623685,-0.9781921088348758,0.15024288973493524
safety_first_low_safeguards,122,0.0,0.36665675189568775,0.16820174229649096,0.16292310305424615,0.45203715800836214,-0.9905527716038333,-0.9782677665559899,0.1506380980064028
safety_first_low_safeguards,123,0.0,0.36665675189568775,0.16866599716207606,0.163566908431541,0.45235301377517984,-0.9905005846730384,-0.9781046336853818,0.15117095744388445
safety_first_low_safeguards,124,0.0,0.36665675189568775,0.16884487108832572,0.16419548240946277,0.4527247589118548,-0.9907385938983724,-0.9781308592038315,0.15158774771492187
safety_first_low_safeguards,125,0.0,0.36665675189568775,0.1693737196642897,0.16512751611351464,0.4530006502895924,-0.9905052051095569,-0.977875641735155,0.15249795273911274
safety_first_low_safeguards,126,0.0,0.36665675189568775,0.16898348499082266,0.1653104490974898,0.45318660629224533,-0.9905034439099223,-0.9780144464581716,0.1528214516457391
safety_first_low_safeguards,127,0.0,0.36665675189568775,0.16848689777013315,0.1651375150374342,0.4534403391818269,-0.9905617597216323,-0.9778959278987147,0.15247168321451662
safety_first_low_safeguards,128,0.0,0.36665675189568775,0.16856334553030972,0.16433904091456847,0.45371053643134657,-0.9906853127868889,-0.9780078960986237,0.1516616242263033
safety_first_low_safeguards,129,0.0,0.36665675189568775,0.16895045723143512,0.16439611825182926,0.4539642909070505,-0.990616956806076,-0.9780635072009831,0.1518426686467364
safety_first_low_safeguards,130,0.0,0.36665675189568775,0.16915503584133693,0.16405818511502676,0.45443877888511053,-0.9907693554910332,-0.978256817981625,0.1515456476056186
safety_first_low_safeguards,131,0.0,0.36665675189568775,0.1685984798628843,0.163957733475438,0.4546667316780573,-0.9906543736863046,-0.9781321633133472,0.15143552310248057
safety_first_low_safeguards,132,0.0,0.36665675189568775,0.16887057646923254,0.1643190040911674,0.4549344034829169,-0.9907421122529028,-0.9780733498209315,0.15165024165919616
safety_first_low_safeguards,133,0.0,0.36665675189568775,0.16852199304530513,0.16409661216730756,0.4552452700903563,-0.9907634193934544,-0.9780909634866951,0.1514241562605483
safety_first_low_safeguards,134,0.0,0.36665675189568775,0.16859979354064145,0.16408769658887595,0.4555557118073298,-0.9905932841350163,-0.9781472915900444,0.15164170404390404
safety_first_low_safeguards,135,0.0,0.36665675189568775,0.16869964140192237,0.1644582612792835,0.4557510583700058,-0.9906047665192684,-0.9780786636647867,0.15193215842480176
safety_first_low_safeguards,136,0.0,0.36665675189568775,0.1685245480202966,0.16444533328298186,0.4560209287738525,-0.9906441623488188,-0.9780549434955419,0.15185611442970495
safety_first_low_safeguards,137,0.0,0.36665675189568775,0.16890704671728707,0.1640668486943659,0.45605876268789103,-0.9908929508159297,-0.9780293421769553,0.1512032400553915
safety_first_low_safeguards,138,0.0,0.36665675189568775,0.16823574124852023,0.16464701937249254,0.4562817540822982,-0.990631250336981,-0.9779267082548014,0.15194247729031302
safety_first_low_safeguards,139,0.0,0.36665675189568775,0.16863233480043277,0.16505970005322737,0.4565587338457748,-0.990841793354643,-0.977825862820596,0.15204376951918044
safety_first_high_safeguards,0,0.0,0.03561607792518607,0.4479404144792002,0.7292175411411463,0.00859524734586153,-0.19533194617401606,0.2533512867657141,0.28053430820141617
safety_first_high_safeguards,1,0.0,0.03561607792518607,0.42858955070136123,0.5825844031370045,0.016319968810360557,-0.1262052049612964,0.2255673412958406,0.23081185687986755
safety_first_high_safeguards,2,0.0,0.03561607792518607,0.4111682308683983,0.4410982244858963,0.023290807127303817,-0.06237886894180298,0.19088547334287795,0.18783388220121536
safety_first_high_safeguards,3,0.0,0.03561607792518607,0.3940335437628997,0.3260604277512047,0.029474273797614428,-0.009257412966127223,0.16156399961472223,0.15523901517035527
safety_first_high_safeguards,4,0.0,0.03561607792518607,0.3804754823081444,0.24524169503818677,0.035255627564238556,0.0291914213081125,0.14012516737515712,0.13430794897114215
safety_first_high_safeguards,5,0.0,0.03561607792518607,0.3695490336374419,0.197672321163061,0.040830183194418765,0.05397343325957847,0.1271767788446641,0.12446897557797536
safety_first_high_safeguards,6,0.0,0.03561607792518607,0.36114317425657,0.1758633328253242,0.046234375574747216,0.0689416581636695,0.12277693214224451,0.1220280588467492
safety_first_high_safeguards,7,0.0,0.03561607792518607,0.35594426914279054,0.16490800608616532,0.05158390226295219,0.07760341003437189,0.12071720537162627,0.12179421074891095
safety_first_high_safeguards,8,0.0,0.03561607792518607,0.35239543560540215,0.15842651664729562,0.057230178149922484,0.08392513950216206,0.12014048593179444,0.12221117021766324
safety_first_high_safeguards,9,0.0,0.03561607792518607,0.3513991674386528,0.15559029949691708,0.06257973830449753,0.08878947321131392,0.12193100737550745,0.12244876533272354
safety_first_high_safeguards,10,0.0,0.03561607792518607,0.350890900012953,0.15375039579320626,0.06760328460137992,0.09092102115991585,0.12275308719393291,0.12191832975918922
safety_first_high_safeguards,11,0.0,0.03561607792518607,0.34982200760012383,0.15280716354331303,0.07282886660875518,0.09447227280649445,0.12592048172937842,0.12135895462042907
safety_first_high_safeguards,12,0.0,0.03561607792518607,0.3503205073986833,0.15307993282056773,0.078103151528073,0.09702550860228636,0.1283584337037711,0.12174700771908299
safety_first_high_safeguards,13,0.0,0.03561607792518607,0.3502335083911931,0.1529531921147987,0.08355070412324438,0.09969240390380336,0.13057493076489357,0.1220706652537085
safety_first_high_safeguards,14,0.0,0.03561607792518607,0.3499521026354787,0.15300873165804307,0.08892001716464373,0.10252848669864947,0.13322123625969973,0.12231598209699282
safety_first_high_safeguards,15,0.0,0.03561607792518607,0.34993252644067147,0.15270692947489503,0.09414533798974402,0.10445413296433673,0.13515612615980468,0.12200493627942707
safety_first_high_safeguards,16,0.0,0.03561607792518607,0.35001592005340904,0.1526404060169511,0.0992730546221831,0.10658501978517997,0.13780763708612356,0.12141778871600753
safety_first_high_safeguards,17,0.0,0.03561607792518607,0.3508073695420644,0.15111989988834454,0.10477079392722251,0.10934222937055478,0.139155364452974,0.12130676480592532
safety_first_high_safeguards,18,0.0,0.03561607792518607,0.3504988062980846,0.1491352847768892,0.1101124904154605,0.11220784815785909,0.1403042827446278,0.12103885019012046
safety_first_high_safeguards,19,0.0,0.03561607792518607,0.35078268521708994,0.15001771660454788,0.11523282269114787,0.114202126155986,0.14270841110642524,0.12151143165410865
safety_first_high_safeguards,20,0.0,0.03561607792518607,0.3507202617330497,0.15098978364587395,0.12064604696577944,0.11791045214472055,0.14572522549791958,0.12317501029267493
safety_first_high_safeguards,21,0.0,0.03561607792518607,0.350274544365883,0.15402714827037262,0.12582429793638114,0.12025251328421108,0.15020772924791434,0.12407193230666934
safety_first_high_safeguards,22,0.0,0.03561607792518607,0.3498230035687564,0.15238156476530856,0.13118413023328068,0.12358987628748692,0.1509134716589605,0.125057969393835
safety_first_high_safeguards,23,0.0,0.03561607792518607,0.3507498141645115,0.15287393366274468,0.1364348096105919,0.12572024682247745,0.15292950027281813,0.125664680212404
safety_first_high_safeguards,24,0.0,0.03561607792518607,0.3502235523022639,0.1526685005617129,0.14194680872222143,0.128060305169799,0.1556362308956001,0.1250925748359118
safety_first_high_safeguards,25,0.0,0.03561607792518607,0.3503138533017057,0.15355539532125556,0.1475155843531908,0.13072315805544915,0.1592080208177191,0.12507053255898562
safety_first_high_safeguards,26,1.0,0.03561607792518607,0.44737589732767735,0.15763241812701687,0.15309982581929749,0.16071494829625155,0.19039721959631656,0.12795014682695185
safety_first_high_safeguards,27,0.0,0.03561607792518607,0.4474569198788039,0.160520490287273,0.15858652130662293,0.19038052475387746,0.22228383275844454,0.1286171822827059
safety_first_high_safeguards,28,0.0,0.03561607792518607,0.42764654157861276,0.16026841673159217,0.16399394711468734,0.21591609086395666,0.2475792635409375,0.12860524405461132
safety_first_high_safeguards,29,0.0,0.03561607792518607,0.40779120159781135,0.16065948635316718,0.1693813614066968,0.23501213432751095,0.2664488424121487,0.1292227782685294
safety_first_high_safeguards,30,0.0,0.03561607792518607,0.3874831359745569,0.159904912140648,0.17499305200688967,0.24916428443812255,0.2799742754070256,0.12909492117174498
safety_first_high_safeguards,31,0.0,0.03561607792518607,0.366835497259798,0.16043704970083944,0.1804714243906662,0.2568143511268245,0.2878896383650245,0.12936176246263942
safety_first_high_safeguards,32,0.0,0.03561607792518607,0.350585665908308,0.1611268469450812,0.18612230621483813,0.25913540138025365,0.2908498397432165,0.12941240858211836
safety_first_high_safeguards,33,0.0,0.03561607792518607,0.3509989091871031,0.16195442643016536,0.19163759168323163,0.2618930685315004,0.293741041176315,0.13010645378535077
safety_first_high_safeguards,34,0.0,0.03561607792518607,0.35022645601438146,0.16235798076039054,0.19701309538122525,0.26444486041926035,0.29568144616239245,0.13112139501725845
safety_first_high_safeguards,35,0.0,0.03561607792518607,0.35036069879101683,0.16249507536459915,0.2026383342709596,0.2680876026867743,0.2986901702768229,0.13189250777455055
safety_first_high_safeguards,36,0.0,0.03561607792518607,0.3501899479034628,0.1635947183088395,0.20813045314308998,0.27059792854348536,0.30143651711821434,0.13275612973411052
safety_first_high_safeguards,37,0.0,0.03561607792518607,0.35018066411596704,0.1654673360852929,0.21403488351075375,0.27232975687258965,0.30390253339660384,0.13389455956127871
safety_first_high_safeguards,38,0.0,0.03561607792518607,0.350237900812405,0.1671444315430708,0.21967613639465455,0.2746337316455456,0.30711032950201533,0.13466783368660107
safety_first_high_safeguards,39,0.0,0.03561607792518607,0.35003088956557826,0.1689450007924,0.22526167038510905,0.27684321851820387,0.3101526949657812,0.13563552434482268
safety_first_high_safeguards,40,0.0,0.03561607792518607,0.3501216959525567,0.16856863584701495,0.23086178287766365,0.27907998275992785,0.31191435117043526,0.13573426743650754
safety_first_high_safeguards,41,0.0,0.03561607792518607,0.350518859395109,0.16717740156774386,0.23657611709217957,0.2825373005531738,0.31364885904385786,0.13606584307705977
safety_first_high_safeguards,42,0.0,0.03561607792518607,0.350440492490607,0.16752029636823634,0.2423119999699668,0.28565976814135696,0.3171846967346423,0.13599536777495103
safety_first_high_safeguards,43,0.0,0.03561607792518607,0.35064409707311117,0.16839112970023096,0.24769509312860696,0.2877488103715813,0.32001746909991263,0.1361224709718996
safety_first_high_safeguards,44,0.0,0.03561607792518607,0.3515327740327057,0.17046049491607032,0.25315360225284733,0.2894194484789552,0.3234301109192258,0.1364498324757997
safety_first_high_safeguards,45,0.0,0.03561607792518607,0.35056463743302146,0.1710781537534227,0.2590000628439475,0.2924081049373534,0.32668320852319765,0.13680305016757846
safety_first_high_safeguards,46,0.0,0.03561607792518607,0.35038515379310425,0.16832820718444616,0.2645274047775144,0.2959751247440885,0.3278876396690838,0.13641569225945085
safety_first_high_safeguards,47,0.0,0.03561607792518607,0.35020212742433765,0.16815840365224025,0.2700458911074271,0.29830944945635507,0.3294891751611431,0.1369786779474522
safety_first_high_safeguards,48,0.0,0.03561607792518607,0.35054672896738065,0.16999570325769953,0.2758080437121878,0.3001042878512965,0.3330443132361014,0.13705567787289463
safety_first_high_safeguards,49,0.0,0.03561607792518607,0.3501978899857887,0.17045675275939187,0.28146904085771685,0.3029273865855551,0.33602650756168057,0.13735763178326643
safety_first_high_safeguards,50,0.0,0.03561607792518607,0.3498265605718811,0.17146225354624442,0.2867601564093839,0.3059385052921109,0.33966649163481266,0.13773426720354268
safety_first_high_safeguards,51,0.0,0.03561607792518607,0.3505708839331958,0.1725852202918356,0.29234212427921896,0.3083954869011149,0.34282305819198383,0.13815764900096666
safety_first_high_safeguards,52,0.0,0.03561607792518607,0.3501178467361793,0.17051772756753975,0.2977318194141162,0.3125266608346186,0.34495644624343236,0.138087942158726
safety_first_high_safeguards,53,0.0,0.03561607792518607,0.3506821253442037,0.17032946538343327,0.30341352537078364,0.31536375829986235,0.34730772883836003,0.1383854948449356
safety_first_high_safeguards,54,0.0,0.03561607792518607,0.3500671907490118,0.1706868496925571,0.30850708611852484,0.31667612361973524,0.34936162880669613,0.1380013445055962
safety_first_high_safeguards,55,0.0,0.03561607792518607,0.35032147912092937,0.17080927965131953,0.31350300968451306,0.31899960200985067,0.3521949209477858,0.1376139607133844
safety_first_high_safeguards,56,0.0,0.03561607792518607,0.3505912406641881,0.17179344787546677,0.3185896372792884,0.32035447216801327,0.3545837533112445,0.13756416673223557
safety_first_high_safeguards,57,0.0,0.03561607792518607,0.3501476134603679,0.1705013739557629,0.3233147709881222,0.3232809161441922,0.355958383616789,0.1378239064831661
safety_first_high_safeguards,58,0.0,0.03561607792518607,0.35067881573381326,0.16913669136533585,0.32825575622389896,0.3258759208115226,0.35849111931615074,0.13652149286070772
safety_first_high_safeguards,59,0.0,0.03561607792518607,0.35052076839983987,0.16804608425016815,0.3328342032649746,0.32872708185768595,0.3613702149867067,0.13540295112114742
safety_first_high_safeguards,60,1.0,0.03561607792518607,0.44714319609469777,0.1692173551133398,0.33734831668862514,0.35975580452636796,0.39239056865364236,0.1365825909860654
safety_first_high_safeguards,61,0.0,0.03561607792518607,0.4475547390572022,0.1676382475386412,0.34167948696735273,0.3917114495336867,0.421951497646376,0.13739819942595188
safety_first_high_safeguards,62,0.0,0.03561607792518607,0.4275120374813723,0.16734477150768715,0.3460542718713277,0.41780690980652596,0.4479312194858633,0.13722046182834982
safety_first_high_safeguards,63,0.0,0.03561607792518607,0.40744139703875826,0.16927486811840012,0.3504238665340612,0.4371184986460647,0.46915501457815095,0.1372383521863139
safety_first_high_safeguards,64,0.0,0.03561607792518607,0.3870500031874248,0.16815110573638756,0.3545684397109737,0.4516415438855214,0.4830843383440987,0.13670831127781027
safety_first_high_safeguards,65,0.0,0.03561607792518607,0.3670975181226165,0.16807859930114882,0.35887290005106504,0.4603997403421665,0.49142933673840283,0.1370490029049125
safety_first_high_safeguards,66,0.0,0.03561607792518607,0.3497247108725269,0.16674069576700815,0.36297405913233927,0.46294419026269734,0.49317050593474404,0.13651438009496145
safety_first_high_safeguards,67,0.0,0.03561607792518607,0.3500784025267702,0.16580786114247803,0.3665942766826765,0.46536480044734635,0.4950174542443422,0.1361552073454822
safety_first_high_safeguards,68,0.0,0.03561607792518607,0.35068369992733617,0.16332012717001643,0.3702054012847741,0.46871638182217595,0.4962190236157337,0.13581748537645866
safety_first_high_safeguards,69,0.0,0.03561607792518607,0.35017814499903666,0.16281968570204475,0.3735893047405557,0.47075620386120115,0.49785967116620083,0.13571621839704506
safety_first_high_safeguards,70,0.0,0.03561607792518607,0.35098622512959127,0.16410807642301914,0.3770424191445953,0.4729322958206766,0.5013682384744671,0.13567213376922863
safety_first_high_safeguards,71,0.0,0.03561607792518607,0.350075349442064,0.16278956613552442,0.380318120985375,0.4766552810394265,0.503426432517908,0.13601841465704295
safety_first_high_safeguards,72,0.0,0.03561607792518607,0.35045270921288496,0.1647753928319789,0.3834240840430217,0.4783770230389954,0.5070479198542895,0.13610449601668473
safety_first_high_safeguards,73,0.0,0.03561607792518607,0.3502651137142005,0.16571938768059719,0.38664121933093726,0.4803048342917632,0.5089955385431666,0.13702868342919378
safety_first_high_safeguards,74,0.0,0.03561607792518607,0.34968515921823695,0.16577535178769545,0.38968343985683535,0.4839376164478357,0.5123348113934466,0.13737815684208451
safety_first_high_safeguards,75,0.0,0.03561607792518607,0.3505451655834496,0.1631387383312794,0.39270706384393445,0.48755297528635033,0.5133711933879762,0.13732052022965352
safety_first_high_safeguards,76,0.0,0.03561607792518607,0.3506041993713397,0.16322789694825307,0.3955856116600541,0.4908995302946393,0.5157848131374425,0.13834261410544985
safety_first_high_safeguards,77,0.0,0.03561607792518607,0.3504664336360981,0.16631070278150348,0.3981515476929962,0.4920480326665394,0.5186922891476935,0.13966644630034938
safety_first_high_safeguards,78,0.0,0.03561607792518607,0.35079427967644183,0.16686183092821866,0.40073051335554005,0.49520009933780973,0.5204778283968738,0.14158410186915454
safety_first_high_safeguards,79,0.0,0.03561607792518607,0.34995207997953115,0.16904355145235947,0.4030386835013381,0.49730173060997296,0.522657230852132,0.14368805121020042
safety_first_high_safeguards,80,0.0,0.03561607792518607,0.35057548032396274,0.17027351441821564,0.40534627803609347,0.49942690141207224,0.5241539869637432,0.14554642886654473
safety_first_high_safeguards,81,0.0,0.03561607792518607,0.34994731041050536,0.17126250281775007,0.4076588673611204,0.5019531311293154,0.5261907786456659,0.14702485530139958
safety_first_high_safeguards,82,0.0,0.03561607792518607,0.3503166846346695,0.17367621393649463,0.40980969713872445,0.5036739854387814,0.528122408262523,0.14922779111275303
safety_first_high_safeguards,83,0.0,0.03561607792518607,0.34995707012712046,0.17408242121946327,0.4119329188946633,0.5066727121410126,0.5308376258757886,0.14991750748468724
safety_first_high_safeguards,84,0.0,0.03561607792518607,0.3509567828755676,0.17388678638416072,0.4141064850060033,0.509574045162234,0.533297145802949,0.1501636857434458
safety_first_high_safeguards,85,0.0,0.03561607792518607,0.35039273317977676,0.17380565444968754,0.4161099092041662,0.5123976647236663,0.5349745529609611,0.15122876621239278
safety_first_high_safeguards,86,0.0,0.03561607792518607,0.350526080019537,0.17576042470957187,0.4181325050160126,0.5149858959581342,0.5382935808075137,0.15245273986019237
safety_first_high_safeguards,87,0.0,0.03561607792518607,0.35086471708073796,0.17625074501144866,0.41989338732783027,0.517888434973306,0.5416965684242273,0.1524426115605274
safety_first_high_safeguards,88,0.0,0.03561607792518607,0.35033210080787663,0.1758720923840882,0.4216194988790473,0.520925821948838,0.5447100427903782,0.15208787154254802
safety_first_high_safeguards,89,0.0,0.03561607792518607,0.3501934475927088,0.1769557538478972,0.42328499999197927,0.5244294107403734,0.5487478730707127,0.1526372915175579
safety_first_high_safeguards,90,0.0,0.03561607792518607,0.35042509157371693,0.1770311349889214,0.42491499453552795,0.5280515507844218,0.5522765958615417,0.15280608991180153
safety_first_high_safeguards,91,0.0,0.03561607792518607,0.35019178480094626,0.1767965032946497,0.4266168116189586,0.5313684656279326,0.5549601142651284,0.15320485465745393
safety_first_high_safeguards,92,0.0,0.03561607792518607,0.35072224857963225,0.1765912011527033,0.4280190481406851,0.5345289262143426,0.5580567287112447,0.15306339865580118
safety_first_high_safeguards,93,0.0,0.03561607792518607,0.35054982108878535,0.17521795241382795,0.42937635442772376,0.537749040185256,0.5595797845144812,0.1533872080846028
safety_first_high_safeguards,94,0.0,0.03561607792518607,0.3505723636892497,0.17572003141542608,0.43076594273825536,0.5404724970557983,0.5627081285381716,0.15348439993305268
safety_first_high_safeguards,95,0.0,0.03561607792518607,0.3506244975270827,0.1729500875204478,0.43205743354189513,0.545699372758893,0.5650132072382829,0.15363625304105796
safety_first_high_safeguards,96,0.0,0.03561607792518607,0.35037731721591664,0.17465614879715266,0.43333107984658065,0.5483084500775273,0.5688621085022604,0.15410249037241955
safety_first_high_safeguards,97,0.0,0.03561607792518607,0.3506175829460441,0.17465377557333503,0.43434027632448674,0.5516947671737438,0.5722030968583666,0.15414544588871223
safety_first_high_safeguards,98,0.0,0.03561607792518607,0.35105700581549104,0.17358651418544693,0.4354356658969024,0.5551381772347159,0.57496308222514,0.15376160919502282
safety_first_high_safeguards,99,0.0,0.03561607792518607,0.3501072313254496,0.17399270877867706,0.4363320855023715,0.5583454565175258,0.5790208859779158,0.15331727931828704
safety_first_high_safeguards,100,0.0,0.03561607792518607,0.35045976783975297,0.17279616443738705,0.43744877562199336,0.5614026182811442,0.5810110740286831,0.15318770868984816
safety_first_high_safeguards,101,0.0,0.03561607792518607,0.3502783214531778,0.17237593948782343,0.43841331750709905,0.5634678599819265,0.5833747547025254,0.1524690447672245
safety_first_high_safeguards,102,0.0,0.03561607792518607,0.34996728527823623,0.17116260804774666,0.4393092593098846,0.56704852401515,0.5860973021310126,0.15211382993188408
safety_first_high_safeguards,103,0.0,0.03561607792518607,0.3496047040505722,0.16936114053526324,0.4403740811200033,0.5702131765202164,0.5873304557326713,0.15224386132280837
safety_first_high_safeguards,104,0.0,0.03561607792518607,0.3504774966672845,0.1695092680060677,0.44115764715614747,0.5731994998514641,0.5900099347384641,0.15269883311906773
safety_first_high_safeguards,105,0.0,0.03561607792518607,0.3508584097264218,0.16906640218057042,0.44195316269957896,0.5761484375549506,0.5924419919588995,0.15277284777662156
safety_first_high_safeguards,106,0.0,0.03561607792518607,0.3502555334811492,0.17139030667008054,0.442689618845378,0.5779684643143875,0.5963218752644748,0.1530368957199933
safety_first_high_safeguards,107,0.0,0.03561607792518607,0.3506273468211556,0.1704935377378872,0.44349207008400054,0.581682883182831,0.5990027408895451,0.15317368003117313
safety_first_high_safeguards,108,0.0,0.03561607792518607,0.3501195609969648,0.16857477845242175,0.4442319498886762,0.584905395590463,0.6006715232071463,0.15280865083573836
safety_first_high_safeguards,109,0.0,0.03561607792518607,0.3504920956724608,0.1676665228442326,0.44492513937945705,0.5889922229759886,0.603735388065036,0.15292335775518523
safety_first_high_safeguards,110,0.0,0.03561607792518607,0.3508359002033578,0.16766919559420554,0.4457104986024712,0.5917330442727706,0.6064120414015095,0.15299019846546666
safety_first_high_safeguards,111,0.0,0.03561607792518607,0.3503973114984243,0.16558865163813577,0.446428869853688,0.595888006663173,0.6081748217079669,0.15330183659334187
safety_first_high_safeguards,112,0.0,0.03561607792518607,0.35093316916347267,0.1673203864628023,0.44703505883590805,0.5976727916917236,0.61159823755149,0.1533949406030359
safety_first_high_safeguards,113,0.0,0.03561607792518607,0.35016490211076096,0.16727746839345797,0.4476279823388963,0.6007474296311242,0.6142521043597845,0.15377279366479762
safety_first_high_safeguards,114,0.0,0.03561607792518607,0.3509116623022031,0.16601427248636086,0.44835731590204436,0.6049947261884051,0.6169292698839981,0.15407972879076787
safety_first_high_safeguards,115,0.0,0.03561607792518607,0.3501311245925759,0.16629987712478375,0.4489377074448018,0.6077355041891102,0.6201439673250511,0.15389141398884285
safety_first_high_safeguards,116,0.0,0.03561607792518607,0.3508840636422336,0.16570346820492318,0.4495034722036001,0.6103078701656602,0.6217450723424794,0.15426626602810398
safety_first_high_safeguards,117,0.0,0.03561607792518607,0.3508467897107188,0.16881732199279825,0.45002094301884304,0.6122911652732179,0.6262857992230327,0.15482268804298344
safety_first_high_safeguards,118,0.0,0.03561607792518607,0.3499799009973915,0.16739570203330614,0.4505668715953557,0.6154996042616481,0.6278710131977876,0.15502429309716662
safety_first_high_safeguards,119,0.0,0.03561607792518607,0.35095621745786476,0.16913711501816187,0.451022970066025,0.6180878951377031,0.6322311533087387,0.1549938568471263
safety_first_high_safeguards,120,0.0,0.03561607792518607,0.3504132941208509,0.16949315164410114,0.4514719838537272,0.6213804523831196,0.6357935426904743,0.15508006133674643
safety_first_high_safeguards,121,0.0,0.03561607792518607,0.35028450256388916,0.16897650697183858,0.4519642703816053,0.624518439805827,0.6378680827042881,0.1556268640733775
safety_first_high_safeguards,122,0.0,0.03561607792518607,0.34996682570383353,0.17094386509507908,0.4525641681489964,0.6276082434262212,0.6425511185261985,0.1560009899951018
safety_first_high_safeguards,123,0.0,0.03561607792518607,0.35035247498238486,0.1713845251224317,0.453150107643752,0.6314724728617601,0.6463470962561424,0.15650990172804943
safety_first_high_safeguards,124,0.0,0.03561607792518607,0.3504985466632664,0.17004750868659288,0.45354697401117605,0.6343040839401908,0.6480243138464178,0.15632727878036587
safety_first_high_safeguards,125,0.0,0.03561607792518607,0.3510933582586548,0.1694484357868475,0.45396681623261587,0.6383142712241757,0.651421806301734,0.15634090070928927
safety_first_high_safeguards,126,0.0,0.03561607792518607,0.3507324557822631,0.1708637320118959,0.4543597653207322,0.6407657715028456,0.6551184566048639,0.15651104690987763
safety_first_high_safeguards,127,0.0,0.03561607792518607,0.3502231415787749,0.17142515541217,0.45478855035370835,0.6436159112828013,0.658125822827568,0.15691524386740321
safety_first_high_safeguards,128,0.0,0.03561607792518607,0.35027572896665676,0.1726404666456561,0.45523260129601945,0.6464084992989899,0.6615875596435735,0.1574614063010725
safety_first_high_safeguards,129,0.0,0.03561607792518607,0.35070870220627964,0.17280823545609417,0.4556513377495115,0.64946659327165,0.6645407502665742,0.15773407846116996
safety_first_high_safeguards,130,0.0,0.03561607792518607,0.35087432363173426,0.17229900790962915,0.45602290079705604,0.6519226134098831,0.6660767315781371,0.1581448897413752
safety_first_high_safeguards,131,0.0,0.03561607792518607,0.35028974984081995,0.17432908502036742,0.4563537324892325,0.654318272132718,0.6697947527059653,0.15885260444712007
safety_first_high_safeguards,132,0.0,0.03561607792518607,0.35060827153969976,0.17573647854249155,0.45685068005913054,0.6569692998191143,0.6734232892691404,0.15928248909246548
safety_first_high_safeguards,133,0.0,0.03561607792518607,0.350265015636216,0.17551300930719063,0.4571232894142812,0.6605702337651681,0.6767696224602523,0.15931362061210644
safety_first_high_safeguards,134,0.0,0.03561607792518607,0.3503310677536054,0.17507887284323354,0.4575699634229788,0.6642116956945108,0.6798617328388857,0.15942883569885857
safety_first_high_safeguards,135,0.0,0.03561607792518607,0.35038027063531335,0.17479318036233735,0.4580316608952138,0.6675020008875817,0.6825687229210939,0.15972645832882512
safety_first_high_safeguards,136,0.0,0.03561607792518607,0.35022161845780186,0.17412630871079565,0.4583813713692122,0.6707439556677268,0.6849722725639275,0.15989799181459502
safety_first_high_safeguards,137,0.0,0.03561607792518607,0.3506488176156357,0.17576110115624566,0.4586524210039318,0.6737561857727803,0.6889321445875561,0.1605851423414698
safety_first_high_safeguards,138,0.0,0.03561607792518607,0.34995367463895066,0.17590125603659248,0.4589106988469153,0.6764745122865176,0.691435276827333,0.16094049149577708
safety_first_high_safeguards,139,0.0,0.03561607792518607,0.35032714840036405,0.17612645306558622,0.4592278913765327,0.6790298835375992,0.6941574581001785,0.16099887850300693
targeted_policing_with_safeguards,0,0.0,0.00767679152083684,0.4595325133738697,0.721665820672772,0.00855591157370832,-0.19101093562852037,0.2538678357652131,0.2767870492790385
targeted_policing_with_safeguards,1,0.0,0.00767679152083684,0.4409186831557598,0.5644264097828647,0.016186987246176076,-0.11618402231825954,0.22538072704115147,0.2228616604234537
targeted_policing_with_safeguards,2,0.0,0.00767679152083684,0.4242014556750525,0.4128112119276913,0.023046761316668427,-0.047201785275451554,0.19059955754228478,0.17500986910995503
targeted_policing_with_safeguards,3,0.0,0.00767679152083684,0.4077031112930978,0.29086143716523605,0.029034804146159606,0.010092659946214862,0.16345165870352013,0.1375024384079308
targeted_policing_with_safeguards,4,0.0,0.00767679152083684,0.39468497329399943,0.20776919817496914,0.03470903417068809,0.05135033861092162,0.145995457243917,0.11312407954197377
targeted_policing_with_safeguards,5,0.0,0.00767679152083684,0.38418350876585944,0.16028986878997792,0.04025676083794639,0.07836058929176971,0.13773847676584472,0.10091198131590291
targeted_policing_with_safeguards,6,0.0,0.00767679152083684,0.37609254820694304,0.13837068385669254,0.045580254889923386,0.0959817715324488,0.13761639617558208,0.09673605921355925
targeted_policing_with_safeguards,7,0.0,0.00767679152083684,0.37110741334027175,0.12682889827929206,0.05088803292237426,0.10747251885472342,0.13937822113536927,0.09492319599864621
targeted_policing_with_safeguards,8,0.0,0.00767679152083684,0.36767545164995946,0.11959866021241432,0.056396712031350923,0.11678795447348492,0.1423425320803957,0.09404408260550352
targeted_policing_with_safeguards,9,0.0,0.00767679152083684,0.36673111030079025,0.1164965021886476,0.06169897978194491,0.12465708169040753,0.14747325639680786,0.09368032748224726
targeted_policing_with_safeguards,10,0.0,0.00767679152083684,0.3662469192240437,0.11522432327486364,0.06672122874431498,0.1296602130047591,0.1515498741463416,0.09333466213328113
targeted_policing_with_safeguards,11,0.0,0.00767679152083684,0.3651870338005118,0.11450413884751663,0.07184564035275183,0.1362648443273832,0.15794297150562342,0.09282601166927641
targeted_policing_with_safeguards,12,0.0,0.00767679152083684,0.3656871149210753,0.11440879282864408,0.07694995435709644,0.14188425904944368,0.1635364119400869,0.09275663993800087
targeted_policing_with_safeguards,13,0.0,0.00767679152083684,0.3656001159135852,0.11376465272224653,0.0823208681605691,0.14768371329390276,0.1688683403529028,0.0925800256632465
targeted_policing_with_safeguards,14,0.0,0.00767679152083684,0.3653187101578708,0.11320748237382493,0.08747691849787097,0.1537409902691884,0.1746016805364192,0.09234679210659412
targeted_policing_with_safeguards,15,0.0,0.00767679152083684,0.36529913396306346,0.11237325773465416,0.0926070270588568,0.15880977130968513,0.1796013217632813,0.09158170728105798
targeted_policing_with_safeguards,16,0.0,0.00767679152083684,0.3653825275758011,0.11204556295457328,0.0976907061853837,0.16394754506440387,0.18531907910009335,0.0906740289188838
targeted_policing_with_safeguards,17,0.0,0.00767679152083684,0.3661739770644565,0.11061207047875085,0.10300966251566027,0.1697397919785915,0.18972730696671816,0.09062455549062418
targeted_policing_with_safeguards,18,0.0,0.00767679152083684,0.3658654138204767,0.10843677399969438,0.10823447517447558,0.1756373581192853,0.1939429077706141,0.09013122434836558
targeted_policing_with_safeguards,19,0.0,0.00767679152083684,0.36614929273948205,0.10945318181492529,0.11329073869866137,0.18074918848650348,0.19940730638210735,0.09079506391932142
targeted_policing_with_safeguards,20,0.0,0.00767679152083684,0.36608686925544187,0.11023746706615217,0.11867250629649881,0.18761170736407268,0.20558475574237633,0.09226441868784852
targeted_policing_with_safeguards,21,0.0,0.00767679152083684,0.3656411518882751,0.11313353161910168,0.1237643344766494,0.19305328054838822,0.21313936941536182,0.09304744275212808
targeted_policing_with_safeguards,22,0.0,0.00767679152083684,0.3651896110911485,0.11132918065528194,0.12915292939351736,0.19956575014778105,0.21686692403482724,0.09402800676823575
targeted_policing_with_safeguards,23,0.0,0.00767679152083684,0.36611642168690356,0.1116376653535508,0.13430808906869443,0.2047457190551318,0.22197651219449002,0.09440687221419258
targeted_policing_with_safeguards,24,0.0,0.00767679152083684,0.3655901598246559,0.1111655362522346,0.1396657366531761,0.21015961601503638,0.22780865409490625,0.09351649817236474
targeted_policing_with_safeguards,25,0.0,0.00767679152083684,0.3656804608240978,0.11134291121296964,0.1450812119691304,0.21598720967757948,0.23449187465104657,0.09283824623950256
targeted_policing_with_safeguards,26,1.0,0.00767679152083684,0.45819250485006946,0.11325819295556985,0.15056071028650675,0.24779351687597667,0.2673573350455073,0.09369437478603923
targeted_policing_with_safeguards,27,0.0,0.00767679152083684,0.4590535274011961,0.11409773064393568,0.15591392047425073,0.27955174461797166,0.30102472371075745,0.0926247515511499
targeted_policing_with_safeguards,28,0.0,0.00767679152083684,0.4400231491010048,0.11187356025729428,0.161276872197076,0.3073969156001866,0.32829171453590333,0.09097876132157756
targeted_policing_with_safeguards,29,0.0,0.00767679152083684,0.4209478091202034,0.10979873976092945,0.16653505399296775,0.329095918586268,0.34937068445407726,0.08952397389312021
targeted_policing_with_safeguards,30,0.0,0.00767679152083684,0.40141974349694903,0.10702523809081224,0.17207837253877528,0.34598232569375187,0.36536870576378805,0.08763885802077606
targeted_policing_with_safeguards,31,0.0,0.00767679152083684,0.3815521047821901,0.10569643759760852,0.17753767777146967,0.35668785857578494,0.376065097795037,0.08631919837835647
targeted_policing_with_safeguards,32,0.0,0.00767679152083684,0.3659522734307001,0.10477968937011944,0.18315952321574275,0.3623836936844457,0.3819691923357606,0.08519419071880452
targeted_policing_with_safeguards,33,0.0,0.00767679152083684,0.3663655167094952,0.10371036714786198,0.18853925022868093,0.3685453987018865,0.3878204128630742,0.08443535298667428
targeted_policing_with_safeguards,34,0.0,0.00767679152083684,0.36559306353677357,0.10254557204080575,0.19396456628559067,0.3744706199885037,0.3927259994024408,0.08429019262686863
targeted_policing_with_safeguards,35,0.0,0.00767679152083684,0.365727306313409,0.10156444423091984,0.19954473878067366,0.3813515590748882,0.3987441506668523,0.08417185263895574
targeted_policing_with_safeguards,36,0.0,0.00767679152083684,0.3655565554258549,0.10191560119350233,0.20502580836281956,0.38698279410903813,0.40454091875913495,0.08435747654340552
targeted_policing_with_safeguards,37,0.0,0.00767679152083684,0.36554727163835915,0.10270428663774989,0.21077542837194935,0.39189941418547525,0.4100176905762424,0.08458601024698276
targeted_policing_with_safeguards,38,0.0,0.00767679152083684,0.3656045083347971,0.1039279785047984,0.2163147353453512,0.39743789648834965,0.41614903871673653,0.08521683627641152
targeted_policing_with_safeguards,39,0.0,0.00767679152083684,0.3653974970879704,0.10524770730419598,0.22177809027551587,0.40256185624850205,0.4220871212681282,0.08572244228456984
targeted_policing_with_safeguards,40,0.0,0.00767679152083684,0.36548830347494876,0.10462552445839302,0.22716701282397866,0.4078612629717201,0.42686672707942375,0.08562006035068936
targeted_policing_with_safeguards,41,0.0,0.00767679152083684,0.36588546691750107,0.10300489167416844,0.2328066543021899,0.41441786623420623,0.4315660121675954,0.0858567457407793
targeted_policing_with_safeguards,42,0.0,0.00767679152083684,0.3658071000129991,0.10278893805207198,0.23846162135642304,0.4207793937411614,0.4381182975935779,0.0854500341996555
targeted_policing_with_safeguards,43,0.0,0.00767679152083684,0.3660107045955033,0.10322186452715354,0.24370489059119502,0.42603429374134083,0.4440558217733573,0.08520033649513709
targeted_policing_with_safeguards,44,0.0,0.00767679152083684,0.36689938155509777,0.10541258575714628,0.24907798507635565,0.4307551970480286,0.4505658295755749,0.0856019532296
targeted_policing_with_safeguards,45,0.0,0.00767679152083684,0.3659312449554136,0.1058825853859288,0.2546922853643598,0.43670191200118313,0.4569141331041198,0.08567036428299211
targeted_policing_with_safeguards,46,0.0,0.00767679152083684,0.36575176131549636,0.10247126639787733,0.2600986062134248,0.4434034007488007,0.46118369742606047,0.08469096972061756
targeted_policing_with_safeguards,47,0.0,0.00767679152083684,0.3655687349467297,0.10220047683742134,0.2655400339670031,0.44875322677719215,0.4657959242603759,0.08515777935423757
targeted_policing_with_safeguards,48,0.0,0.00767679152083684,0.3659133364897727,0.10402024038055092,0.27125841332893763,0.4535860681570717,0.4721742898740791,0.08543201866354351
targeted_policing_with_safeguards,49,0.0,0.00767679152083684,0.3655644975081808,0.10466941755338954,0.27686931001863485,0.4594075816912242,0.47804016963804774,0.086036829606566
targeted_policing_with_safeguards,50,0.0,0.00767679152083684,0.36519316809427316,0.10560028199142206,0.2821875224137352,0.465459380148063,0.4847094238983444,0.08635023824114062
targeted_policing_with_safeguards,51,0.0,0.00767679152083684,0.36593749145558796,0.10631982933608167,0.2876948521686406,0.4709298329311934,0.4909383617658123,0.08631130050146277
targeted_policing_with_safeguards,52,0.0,0.00767679152083684,0.3654844542585714,0.10360815084358473,0.29298753206766814,0.47809852703507394,0.49601888691898344,0.08568779095967523
targeted_policing_with_safeguards,53,0.0,0.00767679152083684,0.3660487328665958,0.1024107893998851,0.2984972833015926,0.4840338940968807,0.5013260512474355,0.08511863224933033
targeted_policing_with_safeguards,54,0.0,0.00767679152083684,0.3654337982714038,0.10145720323746281,0.30356202433449714,0.4885512344270289,0.5064288291888822,0.08357960847560951
targeted_policing_with_safeguards,55,0.0,0.00767679152083684,0.3656880866433215,0.10101409268299662,0.3085000542746834,0.49390359563487835,0.512252129399958,0.08266555891791695
targeted_policing_with_safeguards,56,0.0,0.00767679152083684,0.36595784818658017,0.10124909343131569,0.313515798840023,0.4983081956549931,0.5175864384895449,0.08197085059676393
targeted_policing_with_safeguards,57,0.0,0.00767679152083684,0.36551422098275993,0.09992231033477492,0.3181775247771641,0.5043004971129351,0.52189644610622,0.08232636134149005
targeted_policing_with_safeguards,58,0.0,0.00767679152083684,0.36604542325620537,0.09925452664235265,0.3230892329640276,0.5096724158081799,0.5274601486892994,0.0814667937612332
targeted_policing_with_safeguards,59,0.0,0.00767679152083684,0.36588737592223197,0.09838258598743004,0.327524222480728,0.515402506224012,0.5332275448401217,0.0805575473713203
targeted_policing_with_safeguards,60,1.0,0.00767679152083684,0.4579598036170898,0.09531461965572527,0.3318757805069215,0.5481107072032657,0.5650258007654859,0.07839952609350506
targeted_policing_with_safeguards,61,0.0,0.00767679152083684,0.45915134657959444,0.09195851266325707,0.3360629616826812,0.5821253077736422,0.5961441352225388,0.07793968521436047
targeted_policing_with_safeguards,62,0.0,0.00767679152083684,0.43988864500376446,0.09062026369261904,0.3402942568159339,0.6102467737258969,0.6240940285100107,0.07677300890850518
targeted_policing_with_safeguards,63,0.0,0.00767679152083684,0.4205980045611504,0.09116794072779072,0.34456053681899285,0.6319742751085468,0.6474808832051995,0.075661332631138
targeted_policing_with_safeguards,64,0.0,0.00767679152083684,0.40098661070981684,0.08973394495540755,0.34864433844509224,0.6491051316592457,0.6638785386174719,0.07496053799718129
targeted_policing_with_safeguards,65,0.0,0.00767679152083684,0.38181412564500855,0.08912987299601582,0.35274152637880524,0.6608216624142296,0.6751062648494224,0.07484527056082302
targeted_policing_with_safeguards,66,0.0,0.00767679152083684,0.365091318394919,0.08668239636329816,0.35658275930821043,0.6664512092118444,0.6799109143133575,0.0732226912617851
targeted_policing_with_safeguards,67,1.0,0.00767679152083684,0.4576637600491622,0.08759249470585823,0.3599960003209487,0.6984462949396617,0.7119141996030851,0.07412459004243482
targeted_policing_with_safeguards,68,0.0,0.00767679152083684,0.4590315574497283,0.08555612855446805,0.36349045199712826,0.7316969390897209,0.7434079378171955,0.07384512982699344
targeted_policing_with_safeguards,69,0.0,0.00767679152083684,0.43928850252142876,0.08447936666048554,0.3667229964647081,0.7587780966283447,0.7703652522261902,0.07289221106264003
targeted_policing_with_safeguards,70,0.0,0.00767679152083684,0.4208590826519833,0.08477222502506632,0.37015826259260287,0.7807941213744735,0.7936687137627352,0.0718976326368046
targeted_policing_with_safeguards,71,0.0,0.00767679152083684,0.40071070696445593,0.0822560878668332,0.3732730737139486,0.7986024497362015,0.8102502943326171,0.07060824327041765
targeted_policing_with_safeguards,72,0.0,0.00767679152083684,0.38185056673527695,0.08227520462698763,0.3762657654359491,0.8087324609115024,0.8221370849615945,0.0688705805768955
targeted_policing_with_safeguards,73,0.0,0.00767679152083684,0.36563172123659254,0.08197849509129007,0.3794568018660986,0.8138457222336536,0.8272567847720594,0.06856743255288422
targeted_policing_with_safeguards,74,0.0,0.00767679152083684,0.3650517667406291,0.0810329513003908,0.3824350975065411,0.8204764965098781,0.8338075401198921,0.06770190769037678
targeted_policing_with_safeguards,75,0.0,0.00767679152083684,0.3659117731058417,0.07775729382611596,0.3852415605371497,0.8273020412710107,0.8379827825006428,0.06707655259648382
targeted_policing_with_safeguards,76,0.0,0.00767679152083684,0.3659708068937318,0.07657754428519606,0.38792921048667484,0.8336735681019429,0.8436569499481259,0.06659416243901309
targeted_policing_with_safeguards,77,0.0,0.00767679152083684,0.3658330411584902,0.07865956851982012,0.3904007632634975,0.8378191627556013,0.8499054594215752,0.06657327185384618
targeted_policing_with_safeguards,78,0.0,0.00767679152083684,0.36616088719883394,0.07812487023504794,0.39275645019553207,0.8438644258866551,0.8550865544675483,0.06690274165415472
targeted_policing_with_safeguards,79,0.0,0.00767679152083684,0.36531868750192314,0.07906668684506986,0.39500634380534255,0.8488742312340684,0.8607112334735478,0.06722968460559038
targeted_policing_with_safeguards,80,0.0,0.00767679152083684,0.36594208784635485,0.07854019818328567,0.39711539836102655,0.8539174563434614,0.8656957225266737,0.06676193200007335
targeted_policing_with_safeguards,81,0.0,0.00767679152083684,0.36531391793289747,0.07784161697988147,0.3991868884372258,0.8594930417180652,0.8711698287664762,0.06616482993147045
targeted_policing_with_safeguards,82,0.0,0.00767679152083684,0.3656832921570616,0.078223973315243,0.40118625708639266,0.8641002777360425,0.8765264203844297,0.06579783066685574
targeted_policing_with_safeguards,83,0.0,0.00767679152083684,0.36532367764951257,0.07760996454886948,0.4030925342634422,0.8699103731651932,0.8823807203593832,0.06513961735467944
targeted_policing_with_safeguards,84,0.0,0.00767679152083684,0.36632339039795964,0.07624108929569798,0.40508929181883874,0.8757293581268549,0.887945264617546,0.06402518280500694
targeted_policing_with_safeguards,85,0.0,0.00767679152083684,0.3657593407021688,0.07497035897867033,0.4067982392450794,0.8814010584460353,0.8927274326582945,0.0636439847664112
targeted_policing_with_safeguards,86,0.0,0.00767679152083684,0.365892687541929,0.07546751109088941,0.4085519691539435,0.886884987724612,0.899043552551632,0.06330894626386936
targeted_policing_with_safeguards,87,0.0,0.00767679152083684,0.36623132460313,0.07604796078741313,0.4100732300877286,0.8925074013636642,0.9053325691686941,0.06322279298238329
targeted_policing_with_safeguards,88,0.0,0.00767679152083684,0.36569870833026863,0.07517430552302368,0.41173139437580636,0.898544668361023,0.9114393441614252,0.0622796297226214
targeted_policing_with_safeguards,89,0.0,0.00767679152083684,0.3655600551151009,0.07610317208952996,0.41325539896569746,0.9046927920089294,0.918341000441245,0.06245496365721434
targeted_policing_with_safeguards,90,0.0,0.00767679152083684,0.365791699096109,0.0758440117588934,0.414671820225683,0.910981477750363,0.9247774869615558,0.062048002547700556
targeted_policing_with_safeguards,91,0.0,0.00767679152083684,0.36555839232333837,0.07598752641601378,0.41622860644436993,0.9170064057936854,0.9302741894166815,0.0627197427930177
targeted_policing_with_safeguards,92,0.0,0.00767679152083684,0.3660888561020243,0.0762963813860202,0.4175720416776604,0.923045463255268,0.9362248958977015,0.06311694874358671
targeted_policing_with_safeguards,93,0.0,0.00767679152083684,0.36591642861117746,0.07490119012408007,0.41880493827544973,0.9289803930666886,0.9407833681615002,0.06309821502926842
targeted_policing_with_safeguards,94,0.0,0.00767679152083684,0.3659389712116418,0.07508978634978732,0.4199571590468462,0.9345273988849696,0.9468081463204712,0.06280903891428576
targeted_policing_with_safeguards,95,0.0,0.00767679152083684,0.3659911050494748,0.07262895067959663,0.42114514245514517,0.942463238678141,0.9519826438865214,0.06310954547121617
targeted_policing_with_safeguards,96,0.0,0.00767679152083684,0.36574392473830875,0.07352935848110959,0.42228926089981883,0.9477877024127086,0.9587758053937435,0.06254125550007467
targeted_policing_with_safeguards,97,0.0,0.00767679152083684,0.36598419046843617,0.07360177932949066,0.4232246142420047,0.9538911147099289,0.9650153588288892,0.06247753521053038
targeted_policing_with_safeguards,98,0.0,0.00767679152083684,0.3664236133378831,0.07332448976055488,0.42428741374594947,0.9595933812406295,0.9708124613065957,0.062105409694588706
targeted_policing_with_safeguards,99,0.0,0.00767679152083684,0.3654738388478417,0.07410387120961201,0.42511729559651723,0.9646920775031909,0.9770178151362283,0.06177813357657455
targeted_policing_with_safeguards,100,0.0,0.00767679152083684,0.3658263753621451,0.07289891647460034,0.42612527204489864,0.9694144010571699,0.9807884048516982,0.0615249126800721
targeted_policing_with_safeguards,101,0.0,0.00767679152083684,0.3656449289755698,0.07275979495679341,0.42693936094269336,0.9725554390379199,0.9839476758651565,0.06136755812955674
targeted_policing_with_safeguards,102,0.0,0.00767679152083684,0.3653338928006283,0.07173892194932369,0.4277657642810075,0.9761693383456516,0.9871442276663988,0.060764032628576485
targeted_policing_with_safeguards,103,0.0,0.00767679152083684,0.3649713115729642,0.07029915042794134,0.42862492386053824,0.9783137140585089,0.9883253985743338,0.060287465912116436
targeted_policing_with_safeguards,104,0.0,0.00767679152083684,0.3658441041896766,0.06982411481753342,0.42929729332157396,0.979911657839601,0.9902431672752161,0.05949260538191831
targeted_policing_with_safeguards,105,0.0,0.00767679152083684,0.36622501724881384,0.06983032068542488,0.4300056466947324,0.9808601375622747,0.9910679007720717,0.059622557475627884
targeted_policing_with_safeguards,106,0.0,0.00767679152083684,0.3656221410035413,0.07156350648256347,0.43063400321764017,0.980760513783221,0.9926864918851662,0.059637528380618296
targeted_policing_with_safeguards,107,0.0,0.00767679152083684,0.3659939543435476,0.07002386041579187,0.43125144422140876,0.9816675463526511,0.9927083678983764,0.05898303887006659
targeted_policing_with_safeguards,108,0.0,0.00767679152083684,0.36548616851935684,0.06771951637327983,0.4318069933052526,0.9823493469071672,0.9925291581758797,0.05753970510456736
targeted_policing_with_safeguards,109,0.0,0.00767679152083684,0.36585870319485275,0.06662127254970815,0.4323619152598821,0.9833376878539256,0.9932094788258766,0.05674948157775713
targeted_policing_with_safeguards,110,0.0,0.00767679152083684,0.3662025077257498,0.06514097469541236,0.4329348845374843,0.983735338525407,0.9929236005132112,0.055952712707608154
targeted_policing_with_safeguards,111,0.0,0.00767679152083684,0.36576391902081634,0.06349757008580645,0.4334254748390381,0.9839366233222306,0.9924367634365234,0.054997429971513655
targeted_policing_with_safeguards,112,0.0,0.00767679152083684,0.3662997766858647,0.06451799539340447,0.43388796936680013,0.9832777436330075,0.9933817162737871,0.054414022752624795
targeted_policing_with_safeguards,113,0.0,0.00767679152083684,0.365531509633153,0.06281377239190278,0.4342911877034889,0.9833921082183033,0.9928544678654978,0.053351412744708226
targeted_policing_with_safeguards,114,0.0,0.00767679152083684,0.3662782698245952,0.06093274698394357,0.4348596440562557,0.9842337265450597,0.9926813021257067,0.05248517140329655
targeted_policing_with_safeguards,115,0.0,0.00767679152083684,0.365497732114968,0.059796763226230495,0.43533456250900415,0.9847406990845307,0.992751247329631,0.051786214981130105
targeted_policing_with_safeguards,116,0.0,0.00767679152083684,0.36625067116462573,0.05931079711812124,0.43569380082276743,0.9841709593857272,0.9920681310256276,0.051413625478220794
targeted_policing_with_safeguards,117,0.0,0.00767679152083684,0.3662133972331109,0.06155826166636822,0.43602226205190797,0.9837869384512136,0.9931142709491442,0.05223092916843761
targeted_policing_with_safeguards,118,0.0,0.00767679152083684,0.3653465085197836,0.05996274585280998,0.43639886491087687,0.9841443371053907,0.9919893360658282,0.052117746892372536
targeted_policing_with_safeguards,119,1.0,0.00767679152083684,0.4585415749802569,0.054501789993309985,0.43677593058140424,0.9912234712183214,0.9989131898746535,0.04681207133697793
targeted_policing_with_safeguards,120,0.0,0.00767679152083684,0.45876115164324305,0.04934859094427978,0.43712217637435163,0.9928146592522542,0.9994201873203882,0.04274306287614581
targeted_policing_with_safeguards,121,0.0,0.00767679152083684,0.43939486008628126,0.04318636763764311,0.43744272453771316,0.9937966264759659,0.9994191202170493,0.03756387389655974
targeted_policing_with_safeguards,122,0.0,0.00767679152083684,0.4198396832262255,0.040203019029158314,0.4377312480521561,0.9937575639763992,0.9991921411420078,0.034768441863549736
targeted_policing_with_safeguards,123,0.0,0.00767679152083684,0.400987832504777,0.037389626975513075,0.43798148985893337,0.993793651123646,0.9985267598025471,0.03265651829661199
targeted_policing_with_safeguards,124,0.0,0.00767679152083684,0.3818964041856585,0.034006010941361305,0.4382531774285514,0.9931393829827454,0.9968700713056048,0.030275322618501917
targeted_policing_with_safeguards,125,0.0,0.00767679152083684,0.3664599657810469,0.031177639046557758,0.4385571260799109,0.9915113231054243,0.9950845957558232,0.027604366396158896
targeted_policing_with_safeguards,126,0.0,0.00767679152083684,0.3660990633046551,0.028154202143637987,0.4388712084121235,0.9908387910662334,0.9944628817655408,0.024530111444330628
targeted_policing_with_safeguards,127,0.0,0.00767679152083684,0.3655897491011669,0.019912995767367693,0.4391780887189216,0.9912075714070586,0.9933124114080947,0.017808155766331636
targeted_policing_with_safeguards,128,0.0,0.00767679152083684,0.3656423364890488,0.013872110769151203,0.43945256047337783,0.9917423270276875,0.9931806089707549,0.012433828826083815
targeted_policing_with_safeguards,129,0.0,0.00767679152083684,0.3660753097286717,0.01109868786704488,0.43970880400499707,0.9918723169538631,0.993014727275927,0.009956277544981022
targeted_policing_with_safeguards,130,0.0,0.00767679152083684,0.3662409311541263,0.00976178901230185,0.44006447512754826,0.9922998513134366,0.9923907372431281,0.00967090308261032
targeted_policing_with_safeguards,131,0.0,0.00767679152083684,0.365656357363212,0.010618376607774323,0.44032337952775696,0.9923015426150938,0.9929906534869797,0.009929265735888489
targeted_policing_with_safeguards,132,0.0,0.00767679152083684,0.3659748790620918,0.010731481853316032,0.4405373801011449,0.9922187029392102,0.9933682425093855,0.009581942283140759
targeted_policing_with_safeguards,133,0.0,0.00767679152083684,0.36563162315860803,0.010015798111624995,0.4407367367597211,0.9928515630222129,0.9938068505043274,0.009060510629510509
targeted_policing_with_safeguards,134,0.0,0.00767679152083684,0.3656976752759975,0.010288217382908636,0.4410097401865547,0.9928119218711715,0.993863507073855,0.009236632180225189
targeted_policing_with_safeguards,135,0.0,0.00767679152083684,0.36574687815770546,0.010192380318079482,0.44130823824124016,0.9926886529893358,0.9935131950084917,0.009367838298923655
targeted_policing_with_safeguards,136,0.0,0.00767679152083684,0.36558822598019397,0.010318156067292404,0.44160855260914345,0.9927677775865796,0.9937137340194527,0.009372199634419308
targeted_policing_with_safeguards,137,0.0,0.00767679152083684,0.36601542513802776,0.00984020474379562,0.4417887514852022,0.9929203436944102,0.9936869419252738,0.009073606512931952
targeted_policing_with_safeguards,138,0.0,0.00767679152083684,0.3653202821613427,0.009728438196606645,0.4419858824266572,0.9927972147009323,0.9930759241429068,0.009449728754632144
targeted_policing_with_safeguards,139,0.0,0.00767679152083684,0.36569375592275616,0.010069167257067451,0.44221606465560587,0.9923362413175418,0.9932156935742552,0.009189715000354075
high_inference_moderate_collection,0,0.0,0.03942796585911533,0.44736280275855744,0.7291678046451354,0.008595356670702721,-0.19543899341529927,0.25317603829573837,0.28055277293409775
high_inference_moderate_collection,1,0.0,0.03942796585911533,0.4277226056104168,0.583011436596253,0.01631932517210216,-0.12677891480243975,0.2250246972729532,0.23120782452086003
high_inference_moderate_collection,2,0.0,0.03942796585911533,0.4100162637771657,0.4421556876998396,0.02328214518546929,-0.06334696358533404,0.19019450793075215,0.18861421618375343
high_inference_moderate_collection,3,0.0,0.03942796585911533,0.3926239802422325,0.3282252218709363,0.029455601720284986,-0.010920353975188054,0.16015331628457738,0.1571515516111708
high_inference_moderate_collection,4,0.0,0.03942796585911533,0.37884735361936994,0.25051716827960124,0.035260823213925596,0.02621184785889527,0.13834252283507892,0.1383864933034176
high_inference_moderate_collection,5,0.0,0.03942796585911533,0.3677488680986494,0.20647039081099056,0.040819686527454394,0.049655924032354345,0.12507690510945182,0.13104940973389306
high_inference_moderate_collection,6,0.0,0.03942796585911533,0.3592155352523513,0.1877370561845836,0.04624872405928681,0.06344535265406366,0.1204703495284843,0.13071205931016297
high_inference_moderate_collection,7,0.0,0.03942796585911533,0.3539300942981558,0.179160709670675,0.05157050479767769,0.07103885676513545,0.1181294321827362,0.13207013425307426
high_inference_moderate_collection,8,0.0,0.03942796585911533,0.3503339501380569,0.17389475714423075,0.05724312434542569,0.07658056188188647,0.11718439707168048,0.13329092195443673
high_inference_moderate_collection,9,0.0,0.03942796585911533,0.349316661596114,0.17185229366757881,0.06261136572121889,0.08075901516178471,0.1185584317360363,0.13405287709332725
high_inference_moderate_collection,10,0.0,0.03942796585911533,0.34879864787915527,0.17010323124948162,0.06768564030614933,0.08229836975920198,0.11893337076836409,0.1334682302403195
high_inference_moderate_collection,11,0.0,0.03942796585911533,0.3477261093677741,0.16940420528529632,0.07291521803631186,0.08527216181057279,0.12163679359932143,0.13303957349654766
high_inference_moderate_collection,12,0.0,0.03942796585911533,0.3482239690350222,0.16966567883861813,0.07820534927940659,0.08732921592685147,0.1235727292941114,0.1334221654713582
high_inference_moderate_collection,13,0.0,0.03942796585911533,0.348136970027532,0.16946198681231717,0.08365546674591147,0.08948113104668974,0.12530117372012814,0.13364194413887878
high_inference_moderate_collection,14,0.0,0.03942796585911533,0.3478555642718177,0.16999935757982776,0.08906835570264277,0.09159474060436752,0.1274423396361799,0.1341517585480154
high_inference_moderate_collection,15,0.0,0.03942796585911533,0.3478359880770103,0.17035946771103652,0.09429758749039549,0.09287831389987761,0.12886357788242758,0.13437420372848655
high_inference_moderate_collection,16,0.0,0.03942796585911533,0.3479193816897479,0.17068904253636075,0.09943971509505292,0.09445303528030997,0.1309719536533944,0.1341701241632763
high_inference_moderate_collection,17,0.0,0.03942796585911533,0.34871083117840335,0.16953028081930538,0.10496179178434384,0.0966081869368988,0.1317885547198395,0.13434991303636468
high_inference_moderate_collection,18,0.0,0.03942796585911533,0.34840226793442364,0.16786293639460043,0.11037253510549654,0.09891916392319582,0.13241327204224881,0.13436882827554744
high_inference_moderate_collection,19,0.0,0.03942796585911533,0.34868614685342886,0.16850014161214724,0.11556640251523566,0.10047006310869544,0.13429703022129535,0.13467317449954733
high_inference_moderate_collection,20,0.0,0.03942796585911533,0.3486237233693887,0.16916104977660595,0.12105908280197933,0.10372552176921739,0.13681687003659956,0.13606970150922376
high_inference_moderate_collection,21,0.0,0.03942796585911533,0.348178006002222,0.1719189207148696,0.12634844069450354,0.1055988889900373,0.1408581814699071,0.1366596282349998
high_inference_moderate_collection,22,0.0,0.03942796585911533,0.3477264652050953,0.17027503792336557,0.13171833762820262,0.10844678620215838,0.1410708539924206,0.13765097013310337
high_inference_moderate_collection,23,0.0,0.03942796585911533,0.34865327580085037,0.17091357581271885,0.13705314393101733,0.10999572980304803,0.14260764268319653,0.13830166293257035
high_inference_moderate_collection,24,0.0,0.03942796585911533,0.3481270139386028,0.1710197938474454,0.14255769701460874,0.11175224457121635,0.1448547060758084,0.13791733234285336
high_inference_moderate_collection,25,0.0,0.03942796585911533,0.34821731493804464,0.17201257452269741,0.1481137326450824,0.11390868015679993,0.14796756458644097,0.13795369009305636
high_inference_moderate_collection,26,1.0,0.03942796585911533,0.44712123396401626,0.1761845475249129,0.15367860214116602,0.14389078139577233,0.1791457488821096,0.1409295800385756
high_inference_moderate_collection,27,0.0,0.03942796585911533,0.44688650651514283,0.1794457439060401,0.1591798056515795,0.17347279307369753,0.21088774452377113,0.1420307924559665
high_inference_moderate_collection,28,0.0,0.03942796585911533,0.4267603782149517,0.18013599540297273,0.16455124348445369,0.1987633158927253,0.23599380937809775,0.1429055019176003
high_inference_moderate_collection,29,0.0,0.03942796585911533,0.4065892882341502,0.18051888658756313,0.1699708961061063,0.2175461533241134,0.25464830649724457,0.14341673341443195
high_inference_moderate_collection,30,0.0,0.03942796585911533,0.38596547261089587,0.18002409986019857,0.1756536724638542,0.2312741128516203,0.267859864536591,0.14343834817522788
high_inference_moderate_collection,31,0.0,0.03942796585911533,0.3650020838961369,0.18064663460024713,0.18120305570839554,0.23850302817537858,0.2752987659524214,0.1438508968232043
high_inference_moderate_collection,32,0.0,0.03942796585911533,0.3484891275446469,0.18135681138483972,0.18693682058066546,0.24022018102117929,0.2777159515111737,0.14386104089484533
high_inference_moderate_collection,33,0.0,0.03942796585911533,0.34890237082344205,0.18218638581893637,0.19245755709089932,0.24244307667689577,0.280034302184841,0.14459516031099115
high_inference_moderate_collection,34,0.0,0.03942796585911533,0.3481299176507204,0.1831124284995671,0.19785170026770868,0.24439708129642526,0.2814824510688964,0.14602705872709595
high_inference_moderate_collection,35,0.0,0.03942796585911533,0.3482641604273558,0.18321789106997113,0.20349443915699586,0.24742210300924378,0.28392116304656256,0.14671883103265235
high_inference_moderate_collection,36,0.0,0.03942796585911533,0.34809340953980167,0.18418874480102362,0.20905698565907968,0.24935190165943846,0.2860555253951694,0.1474851210652927
high_inference_moderate_collection,37,0.0,0.03942796585911533,0.34808412575230596,0.18610013046575288,0.21499786950993957,0.2504773483344279,0.28768125791452176,0.14889622088565904
high_inference_moderate_collection,38,0.0,0.03942796585911533,0.3481413624487439,0.18790166845829476,0.2207520573826996,0.2522733967432509,0.29025921807143557,0.14991584713011008
high_inference_moderate_collection,39,0.0,0.03942796585911533,0.3479343512019171,0.18972734568317062,0.2263959770713885,0.2540644782162839,0.2926210237468565,0.15117080015259804
high_inference_moderate_collection,40,0.0,0.03942796585911533,0.34802515758889563,0.18976599863069965,0.23202445639555264,0.2558941315640606,0.29376882561697343,0.15189130457778682
high_inference_moderate_collection,41,0.0,0.03942796585911533,0.3484223210314479,0.18902395594628454,0.23775565744652724,0.2588567801862894,0.29486133234656065,0.15301940378601328
high_inference_moderate_collection,42,0.0,0.03942796585911533,0.34834395412694585,0.18985677238335577,0.2435320466838734,0.26163529898596094,0.29781969486495746,0.15367237650435925
high_inference_moderate_collection,43,0.0,0.03942796585911533,0.3485475587094501,0.19158432601883693,0.248952338745802,0.26327074451880117,0.3001261123523796,0.15472895818525847
high_inference_moderate_collection,44,0.0,0.03942796585911533,0.3494362356690446,0.1945915230583745,0.254442517942221,0.2644545694423009,0.3030055634940791,0.1560405290065963
high_inference_moderate_collection,45,0.0,0.03942796585911533,0.3484680990693605,0.19562694082889037,0.2603027267204387,0.26701517022854826,0.3056470268733392,0.1569950841840994
high_inference_moderate_collection,46,0.0,0.03942796585911533,0.34828861542944317,0.19286902117248658,0.2658288574270134,0.27024148384923774,0.3063435917291329,0.15676691329259143
high_inference_moderate_collection,47,0.0,0.03942796585911533,0.3481055890606765,0.1927697061990895,0.2713455435338802,0.2721876242194321,0.30755530426004174,0.15740202615847987
high_inference_moderate_collection,48,0.0,0.03942796585911533,0.3484501906037196,0.19462397878421855,0.2771245858730282,0.273586722649339,0.31060392630995404,0.1576067751236035
high_inference_moderate_collection,49,0.0,0.03942796585911533,0.34810135162212763,0.1950676970438722,0.2828138636861134,0.27597853791415433,0.313187433170889,0.15785880178713754
high_inference_moderate_collection,50,0.0,0.03942796585911533,0.34773002220821997,0.1963102930753443,0.288107719064384,0.2785480339178226,0.3164468280986871,0.1584114988944798
high_inference_moderate_collection,51,0.0,0.03942796585911533,0.3484743455695348,0.19765900558402927,0.2937518005605951,0.2806663601369817,0.31932067542108167,0.1590046902999293
high_inference_moderate_collection,52,0.0,0.03942796585911533,0.34802130837251816,0.19559459693240266,0.2991022600357095,0.2844497467930776,0.3210050157495245,0.15903932797595577
high_inference_moderate_collection,53,0.0,0.03942796585911533,0.34858558698054254,0.1955325100703683,0.30481411925995705,0.286816303516198,0.3228840268061272,0.1594647867804391
high_inference_moderate_collection,54,0.0,0.03942796585911533,0.3479706523853507,0.19584608856309743,0.30986197927267567,0.28780674213051616,0.3244576522525041,0.15919517844110948
high_inference_moderate_collection,55,0.0,0.03942796585911533,0.34822494075726834,0.19598182727250835,0.3148435694073757,0.2897589060948375,0.32676926782651977,0.15897146554082608
high_inference_moderate_collection,56,0.0,0.03942796585911533,0.34849470230052704,0.19714754749587263,0.32002930074189306,0.29069042352518204,0.3286802126472517,0.15915775837380294
high_inference_moderate_collection,57,0.0,0.03942796585911533,0.34805107509670685,0.19570237607361834,0.3247077028188346,0.29314560721013055,0.3297100532201688,0.15913793006358012
high_inference_moderate_collection,58,0.0,0.03942796585911533,0.3485822773701521,0.1944066946980049,0.32962708550349124,0.29539897936336157,0.33180799223332696,0.1579976818280395
high_inference_moderate_collection,59,0.0,0.03942796585911533,0.3484242300361788,0.19326117541474241,0.33416228368958356,0.29803174019006606,0.33439387670307946,0.15689903890172902
high_inference_moderate_collection,60,1.0,0.03942796585911533,0.4468885327310366,0.19446985972257874,0.3387008149011123,0.3291844296518468,0.3654872696235971,0.15816701975082842
high_inference_moderate_collection,61,0.0,0.03942796585911533,0.44698432569354124,0.19303624437011485,0.3430678867120763,0.3611350838100747,0.39500851339096327,0.15916281478922628
high_inference_moderate_collection,62,0.0,0.03942796585911533,0.42662587411771125,0.19333203740608892,0.3473880940563827,0.38711796247792135,0.42095475504173435,0.15949524484227592
high_inference_moderate_collection,63,0.0,0.03942796585911533,0.40623948367509716,0.195142691047729,0.3518108826682865,0.40636561839215607,0.4419319839802657,0.1595763254596194
high_inference_moderate_collection,64,0.0,0.03942796585911533,0.38553233982376367,0.19379236877519915,0.35598242074047937,0.4206567124984171,0.4553919637850615,0.1590571174885547
high_inference_moderate_collection,65,0.0,0.03942796585911533,0.3652641047589554,0.19343612662423207,0.3602993962301083,0.42909474135733344,0.46344578826643507,0.15908507971513045
high_inference_moderate_collection,66,0.0,0.03942796585911533,0.3476281725088658,0.19239610792085898,0.36446677748620077,0.4312631182240351,0.4648793096449203,0.1587799164999738
high_inference_moderate_collection,67,0.0,0.03942796585911533,0.34798186416310906,0.1917583652816574,0.3680599095880138,0.4333253460722235,0.466509941460431,0.1585737698934499
high_inference_moderate_collection,68,0.0,0.03942796585911533,0.34858716156367503,0.18900562850105337,0.37165899903293925,0.43628603146629036,0.46740123388750343,0.1578904260798403
high_inference_moderate_collection,69,0.0,0.03942796585911533,0.34808160663537563,0.18859224802154126,0.37505952296731876,0.4379734425110668,0.46873251422628565,0.1578331763063224
high_inference_moderate_collection,70,0.0,0.03942796585911533,0.3488896867659301,0.18977245740916063,0.3785997704761241,0.43989243772337944,0.47181430584618794,0.15785058928635212
high_inference_moderate_collection,71,0.0,0.03942796585911533,0.3479788110784029,0.18811924362492652,0.3819653355759181,0.44317493896541976,0.4735817431818436,0.15771243940850269
high_inference_moderate_collection,72,0.0,0.03942796585911533,0.3483561708492238,0.19007358407030658,0.3851219824276543,0.44455405883454274,0.47679735341390106,0.15783028949094827
high_inference_moderate_collection,73,0.0,0.03942796585911533,0.3481685753505394,0.19117758400527202,0.3884089057775034,0.4461219481796865,0.4784697471405153,0.15882978504444317
high_inference_moderate_collection,74,0.0,0.03942796585911533,0.3475886208545759,0.1909442341859543,0.3915034300743394,0.4494171205543463,0.4815013442832936,0.15886001045700698
high_inference_moderate_collection,75,0.0,0.03942796585911533,0.34844862721978853,0.18863880508006287,0.39459951556809864,0.4527016476440715,0.4821914538007816,0.15914899892335277
high_inference_moderate_collection,76,0.0,0.03942796585911533,0.3485076610076786,0.18821728777095872,0.39748796948983633,0.4555213140573999,0.48438110386307337,0.15935749796528523
high_inference_moderate_collection,77,0.0,0.03942796585911533,0.34836989527243706,0.1903999475586779,0.4001073355530448,0.45639727398958757,0.4869009744646581,0.1598962470836074
high_inference_moderate_collection,78,0.0,0.03942796585911533,0.34869774131278075,0.19001872959604418,0.402763571098268,0.4591581864767675,0.4883585319808109,0.16081838409200075
high_inference_moderate_collection,79,0.0,0.03942796585911533,0.34785554161587,0.19163602641157695,0.4050984892442224,0.4606940166042135,0.490316367537329,0.16201367547846146
high_inference_moderate_collection,80,0.0,0.03942796585911533,0.34847894196030166,0.19240662776315814,0.40744593768093573,0.4622714123514913,0.4916448574338099,0.1630331826808395
high_inference_moderate_collection,81,0.0,0.03942796585911533,0.3478507720468442,0.19277243035971006,0.409763727866799,0.46436550070927257,0.4934429144085284,0.16369501666045425
high_inference_moderate_collection,82,0.0,0.03942796585911533,0.34822014627100845,0.19444665809849812,0.4119358456026652,0.46552358513526326,0.4954549249701804,0.16451531826358098
high_inference_moderate_collection,83,0.0,0.03942796585911533,0.3478605317634593,0.19484465363842735,0.41409450467445164,0.46804223903663783,0.4979238802915028,0.16496301238356237
high_inference_moderate_collection,84,0.0,0.03942796585911533,0.34886024451190656,0.1939885613858496,0.4163070365705078,0.47072698905647714,0.5000145477197274,0.16470100272259933
high_inference_moderate_collection,85,0.0,0.03942796585911533,0.3482961948161156,0.19228414907809166,0.41830531897214474,0.4733231964888647,0.5014500781245566,0.16415726744239978
high_inference_moderate_collection,86,0.0,0.03942796585911533,0.34842954165587586,0.1937824271709639,0.42036096307865445,0.47537859767605073,0.5042831754661264,0.16487784938088818
high_inference_moderate_collection,87,0.0,0.03942796585911533,0.3487681787170768,0.19402606497235797,0.42215904964361495,0.47779531084228305,0.5071048938097439,0.16471648200489714
high_inference_moderate_collection,88,0.0,0.03942796585911533,0.3482355624442155,0.19330181397377197,0.423943743331619,0.4804107681563892,0.5096211303862922,0.164091451743869
high_inference_moderate_collection,89,0.0,0.03942796585911533,0.3480969092290477,0.19374844918065728,0.4256249049811931,0.4834669784897036,0.5131541217970632,0.16406130587329767
high_inference_moderate_collection,90,0.0,0.03942796585911533,0.3483285532100558,0.19396793057275755,0.42727534153805524,0.4866491866317032,0.5162000813489486,0.16441703585551218
high_inference_moderate_collection,91,0.0,0.03942796585911533,0.3480952464372851,0.1935265369004871,0.4289673094539455,0.4895916238652942,0.518388269409741,0.16472989135604027
high_inference_moderate_collection,92,0.0,0.03942796585911533,0.34862571021597116,0.1923776243861484,0.4304024419011417,0.49252021009000907,0.5207557451177076,0.16414208935844984
high_inference_moderate_collection,93,0.0,0.03942796585911533,0.34845328272512427,0.19012248791494818,0.4317745390963994,0.49556770998662447,0.5216728107968611,0.16401738710471153
high_inference_moderate_collection,94,0.0,0.03942796585911533,0.34847582532558863,0.19027087682641483,0.43316941784483687,0.49791686281238373,0.524185873363275,0.16400186627552352
high_inference_moderate_collection,95,0.0,0.03942796585911533,0.3485279591634216,0.18697677225137424,0.43449533526094886,0.5026097377327913,0.5258501252044125,0.16373638477975297
high_inference_moderate_collection,96,0.0,0.03942796585911533,0.3482807788522556,0.18825075708565292,0.4357870797829874,0.5047923011981863,0.5291686597183862,0.163874398565453
high_inference_moderate_collection,97,0.0,0.03942796585911533,0.348521044582383,0.18858687596520057,0.436844811144632,0.5076323966491029,0.5319858988361602,0.16423337377814323
high_inference_moderate_collection,98,0.0,0.03942796585911533,0.34896046745182996,0.18851331675928287,0.43797480348470536,0.5104424487312615,0.5345105816254452,0.16444518386509924
high_inference_moderate_collection,99,0.0,0.03942796585911533,0.3480106929617885,0.18906069596470682,0.43898664624681377,0.5128626693793753,0.5380701902402505,0.16385317510383163
high_inference_moderate_collection,100,0.0,0.03942796585911533,0.3483632294760919,0.18865877255988564,0.4400812282839422,0.5152615113762529,0.5394127833564903,0.16450750057964816
high_inference_moderate_collection,101,0.0,0.03942796585911533,0.3481817830895167,0.18922827425723066,0.44103212136679687,0.5165034855001666,0.5412693709178925,0.1644623888395047
high_inference_moderate_collection,102,0.0,0.03942796585911533,0.3478707469145751,0.18980982973093868,0.44186371950429904,0.5191477758398622,0.5435937045559589,0.16536390101484194
high_inference_moderate_collection,103,0.0,0.03942796585911533,0.34750816568691106,0.18944677356397266,0.4429093951171334,0.5213642641557745,0.5446283026399991,0.16618273507974812
high_inference_moderate_collection,104,0.0,0.03942796585911533,0.3483809583036234,0.19095983890621895,0.44371974468816616,0.5235193812788381,0.5468691340020588,0.16761008618299825
high_inference_moderate_collection,105,0.0,0.03942796585911533,0.34876187136276066,0.19131208126157134,0.4445582601623711,0.5258086920355463,0.5487853936863808,0.1683353796107368
high_inference_moderate_collection,106,0.0,0.03942796585911533,0.3481589951174881,0.19418004202520067,0.44528354859211855,0.5269709833682701,0.552180134891237,0.1689708905022338
high_inference_moderate_collection,107,0.0,0.03942796585911533,0.34853080845749446,0.19387029219403315,0.44602786582553955,0.5300470778312062,0.5545986292285383,0.16931874079670103
high_inference_moderate_collection,108,0.0,0.03942796585911533,0.34802302263330365,0.1927885257240387,0.44679982446927696,0.5325456104811199,0.5562160379669491,0.16911809823820956
high_inference_moderate_collection,109,0.0,0.03942796585911533,0.3483955573087997,0.1928883342676081,0.44753021454224085,0.5359580180409331,0.5591504374864136,0.16969591482212765
high_inference_moderate_collection,110,0.0,0.03942796585911533,0.34873936183969667,0.1931602765607639,0.4483638485381712,0.5380366454261875,0.5615035992968731,0.16969332269007825
high_inference_moderate_collection,111,0.0,0.03942796585911533,0.3483007731347632,0.19134767415379772,0.4491469595289228,0.5416264479001383,0.5630157586951,0.16995836335883596
high_inference_moderate_collection,112,0.0,0.03942796585911533,0.3488366307998116,0.1931326905491514,0.44975546707419817,0.5430372813650638,0.5660496977699395,0.17012027414427566
high_inference_moderate_collection,113,0.0,0.03942796585911533,0.3480683637470998,0.19208080366338162,0.4503691631897341,0.5456259584104232,0.5677763465505045,0.16993041552330032
high_inference_moderate_collection,114,0.0,0.03942796585911533,0.348815123938542,0.1905827342430634,0.4511124602734243,0.5495313609329662,0.5699123597584875,0.17020173541754205
high_inference_moderate_collection,115,0.0,0.03942796585911533,0.3480345862289148,0.1904686003345617,0.4517529135000018,0.5519749218204325,0.5724520392385894,0.16999148291640476
high_inference_moderate_collection,116,0.0,0.03942796585911533,0.34878752527857254,0.189174892799714,0.45232268431748124,0.55426608175376,0.5732348643603798,0.17020611019309417
high_inference_moderate_collection,117,0.0,0.03942796585911533,0.3487502513470578,0.19202353389659216,0.4528419938598736,0.5558760619652245,0.5772003041903371,0.17069929167147962
high_inference_moderate_collection,118,0.0,0.03942796585911533,0.3478833626337304,0.1906366125905369,0.4533973394285985,0.5585812836406555,0.5784046823919157,0.17081321383927675
high_inference_moderate_collection,119,0.0,0.03942796585911533,0.3488596790942037,0.19264169820985133,0.453902749239919,0.5607312578257719,0.5823669863334023,0.17100596970222093
high_inference_moderate_collection,120,0.0,0.03942796585911533,0.3483167557571898,0.19323519390145766,0.45440165497572027,0.5635032714948915,0.5855552476353885,0.17118321776096074
high_inference_moderate_collection,121,0.0,0.03942796585911533,0.34818796420022813,0.19274148884213516,0.4549477283665211,0.5661713985380845,0.5872894735787131,0.17162341380150659
high_inference_moderate_collection,122,0.0,0.03942796585911533,0.3478702873401724,0.19481089990683914,0.4554827850461205,0.5688273074204996,0.5915772979028269,0.17206090942451185
high_inference_moderate_collection,123,0.0,0.03942796585911533,0.3482559366187238,0.19502295563386457,0.4560245558850383,0.5722501665157835,0.5950127378264266,0.1722603843232215
high_inference_moderate_collection,124,0.0,0.03942796585911533,0.3484020082996053,0.19390019595890023,0.4564396982838012,0.5744814736906658,0.5962673380631299,0.17211433158643613
high_inference_moderate_collection,125,0.0,0.03942796585911533,0.3489968198949937,0.19332598068856016,0.456857215859098,0.5779817703813188,0.5991848575146415,0.17212289355523752
high_inference_moderate_collection,126,0.0,0.03942796585911533,0.34863591741860195,0.1945163156199468,0.45728376554784683,0.5800478730121119,0.6022678684264215,0.17229632020563718
high_inference_moderate_collection,127,0.0,0.03942796585911533,0.3481266032151138,0.19501157937123328,0.45771284423272424,0.582457057746144,0.6047493247358249,0.1727193123815524
high_inference_moderate_collection,128,0.0,0.03942796585911533,0.3481791906029956,0.19627666570474792,0.45814322107907357,0.5848738884768182,0.6077385661249537,0.17341198805661243
high_inference_moderate_collection,129,0.0,0.03942796585911533,0.3486121638426186,0.19630729110672282,0.45860561910696285,0.5874854813598089,0.6102466939033531,0.1735460785631787
high_inference_moderate_collection,130,0.0,0.03942796585911533,0.3487777852680731,0.19596322447321152,0.4590105966339576,0.5893772428536614,0.6112960585401155,0.17404440878675748
high_inference_moderate_collection,131,0.0,0.03942796585911533,0.3481932114771588,0.1976634522486951,0.45933407315535535,0.5914597154990863,0.6145936141343091,0.17452955361347225
high_inference_moderate_collection,132,0.0,0.03942796585911533,0.3485117331760386,0.19876374411573647,0.45980208208533957,0.5938039636807436,0.6178035754150236,0.17476413238145647
high_inference_moderate_collection,133,0.0,0.03942796585911533,0.34816847727255484,0.19854678776091603,0.46006999008213867,0.5969460130181474,0.6208774169033171,0.17461538387574635
high_inference_moderate_collection,134,0.0,0.03942796585911533,0.34823452938994426,0.1983713739970672,0.460552862856549,0.6000917624435756,0.6235432684196079,0.1749198680210349
high_inference_moderate_collection,135,0.0,0.03942796585911533,0.3482837322716523,0.19812896216967102,0.46098390209767304,0.602960708891298,0.6257981478718747,0.17529152318909436
high_inference_moderate_collection,136,0.0,0.03942796585911533,0.3481250800941408,0.19742620171942546,0.4613388419702814,0.6057204675459291,0.6276681838181666,0.175478485447188
high_inference_moderate_collection,137,0.0,0.03942796585911533,0.3485522792519746,0.19863637869607081,0.46158503313211996,0.6082959591951722,0.6311096334940236,0.17582270439721942
high_inference_moderate_collection,138,0.0,0.03942796585911533,0.3478571362752896,0.19865128693974007,0.4618528483591283,0.6105764985566952,0.6330927705254932,0.17613501497094206
high_inference_moderate_collection,139,0.0,0.03942796585911533,0.3482306100367031,0.19875691764330705,0.4621423376797577,0.6128085027994381,0.6354034390510381,0.17616198139170702
